,userName,content,score
0,Amin Santoso,tiktok sangat bagus bisa berkarya dan mendapat teman banyak dari berbagai daerah dan jika beruntung bisa menghasilkan cuan semoga tiktok menambah fitur dan berbagai fasilitas lagi sukses and maju tiktok,5
1,monica hsu,saya suka dengan aplikasi tiktok dan aktif menggunakannya hanya saya kecewanya kesulitan mengubah cara top up coin dari dinar irak ke rupiah saya tinggal di indonesia dan cari uang di indonesia mengapa top up coin hanya bisa menggunakan iqd yang lbh mahal sekitar 30 di mana letak kesalahan saya saya pernah email bbrp minggu yll tapi tidak mendapat tanggapan mohon masukkan,5
2,Oppo A16,maaf saya kasih 2 karena aplikasi nya kurang bagus padahal jaringan saya full tapi klw udah di buka sekali ga bisa di buka lqi,2
3,Verdi Ximenes,tiktok nya sangat bagus tapi pas di buka video nya belum nonton sudah tidak mengapai jadi tolong di perbaiki lagi yakkk tiktok paling the best,3
4,Nenk shinta,kenapa dengan tiktok saya pas buka muter muter padahal wifi penuh dan gambar nya muter hitam gak ada gambar nya tolong di perbaiki lagi dong,2
5,Kelvin Aprillio,makin di update malah oploadnya selalu gagal mulu slalu kehapus terus tambah buruk aja nih aplikasi,1
6,Danny Ariyadi Putra,terima kasih tik tok tolong untuk tik tok yang ini di masukkan ke dalam peringkat social terpopuler agar mudah mencarinya dan mengupdatenya terima kasih,5
7,Cansio Dosantos,aku suka sama nih tiktok tapi aku serba gagal buat bikin video saat aku aplod juga nga dapat like,4
8,marcal maria,pokonya bagus kalau bisa lebih bagus lagi seperti efect atau kekurangan lainnya,4
9,Irfan 22,kalau mau bikin video lewat templat kadang bisa kadang engga dan mau menyimpan video kadang bisa dan kadang engga,4
10,Carolina Hornay,aplikasinya bagus banget tapi kenapa aku tambahkan lagu tik tok ke favorit tidak muncul di sana pliss pulih kan,4
11,De Risma,mengapa setelah saya memperbaharui wilayah saya tidak bisa mengunggah foto ataupun video tolong ditanggapi,3
12,bungi kiaw,saya sangat puas sama tiktok is the best terikasih ya tiktok kamu sangat memberikan inspirasi,5
13,Sinta Iqbal09,sekarang pas download tiktok gak langsung dapet updet barunyaharus nga updet sendiri terus lama lagi dapet updet pembaruan nya,3
14,indah saja,hadeh jaringan tidak stabil terus udh 5 hari padahal jaringan bagus wifi juga bagus,3
15,Mawar Merahmuda,ini dulu kecewa kenapa saya tidal bisa isi ulang coin klo nanti sudah bisa saya tambah bintangnya,2
16,Anne Marlina,satu dulu soalnya setiap buka tiktok slalu tidak menanggapi padahal baru di update,1
17,juulpengenfizr,aplikasi tiktoknya kenapa gak bisa dibuka anjj apk tololl,3
18,Lian Lestari,ga tau kenapa akhir ini buka live nge lag buka vidio lag padahal quota banyak buka aplikasi yg lain lancar aja pas buka tiktok ya alloh nge lag sumpah capee,1
19,Ratna Sari,lumayan oke buat hiburantapi sekarang gk ada notivikasi apapun tiktok gk bisa di buka,3
20,Chaca 883,kenapa efek gk bisa di ganti kalo mau joinsllu ada di layar biru gk bisa di ganti posisi lain,1
21,Lovely Rani,bagus saya sukakarna dengan tiktok saya merasa terhibur khususnya untuk kami para tki yg bekerja di luar negri selain bisa punya bnyak teman kami bisa menghibur diri dengan membuat vidio semoga tiktok kedepan makin maju dan bekembang,5
22,Magdalena Viani,app na bagustingkatkan cara kerja na dengan lebih baik lagi klau bisa ditambah fitur gambar na,5
23,Erni Mahesa,kok di aku gabisa update ya tiktok nya,1
24,Koko Quawara,aplikasi buruk tidak bisa berexpresi dengan bebas goblokk,1
25,Paya Costa,kenapa saat masuk tiktok tidak bisa mengunakan template capcut,2
26,Sunardi Nardi,kenapa ya tik tok aku ngak bisa muncul kurun mohon pencerahannya trimah kasih,5
27,Muhamad Fahad,video live ngelag parah video live gak terputar alias berhenti pasti gak ada suaranya orang video nya aja lag parah banget sangat mengecewakan,1
28,Ulfah Izdihar,tik tok aplikasi yang bagus dan banyak disukai oleh masyarakat kalau ada masalah tik tok akan menanggapi dengan baik dan cepat,5
29,Sarra Missa,kenapa ya tiktok ini tidak bisa buat komentar tolong perbaiki dulu,4
30,Rhany Bohay,selama ini tiktok baguscuma sayangsaya lagi berada di negri orangyang gk semua hp bisa muncul tiktokshop nyajd belum bisa menjalankan bisnis di tiktokshop,5
31,Susan Susanti,mohon maaf untuk apl tiktok yg saya pakai kok gak ada tanda jejak kaki yahjd saya gak tau siapa2 saja yg suka liat profile saya,1
32,Sindi Atika Sari,setelah update aplikasi ini hp sering restart tolong diperbaiki ya seperti dulu hp saya sering restart saat ingin membuka aplikasi ini terima kasih,4
33,Momang Call,terima kasih tiktok teruslah berkembang dg tiktok sy bisa terhubung kemana sj dan berkenalan dengan byk org baik,5
34,Salicil Berak,untuk kalian yang mengeluh soal lag ataupun fiturfitur nya lag perlu kalian ketahui bahwa aplikasi ini ada di negara indonesia dan ada versi asia kenapa mengunakan aplikasi negara lain dan juga perlu kalian ketahui bahwa cairo dan indonesia itu jauh wajahlah bila jaringan nya tidak optimal,5
35,G Gh,selalu ngk bisa dibuka pengikut bertambah tapi pada hilang ngk naik pengikut nya,1
36,Efhy Efhy,kenapa ya sai masuk ke tiktok semua filter ga ada,1
37,Sarinah Muhammad,saya kesal setiap kali buka tik tok belum apa apa udah tutup aplikasi tik tok tidak menanggapi dan gak bisa buka video,1
38,Dafa Dafa,tiktok memang bagus terbaik tapi saya yg bikin susah top up coin,5
39,Cienta Endang,kenapa cod di tiktok ku gak bisa biasanya ok aja jadi malas belanja kalo cod hilangin,5
40,Muhammad Rafi,waw tiktok bagus banget dan bisa menghasilkan uang gass,5
41,Mutiara Shandy,woy lu ada masalah ape si tik sampe semua vt aku di bisukan kalau ada masalah tuh ngomong tik bukan ngambek ga jelas akun ku yang satu lu banded pun aku tak bisa kirim pesan dengan alasan pesan berisi penipuan hais please lah tik aku tak paham masalah antara kita tuh apa durasi kepanjangan hak cipta udah di timpa lagu yang ada di lu sama aja d bisukan dah lah tik jangan lah begini aku tuh pengen menikmati tiktok dengan damai,2
42,Rare Rare,tiktok dah oke juga fitur nya kren tolong di prbanyak lagi jga durasi ft nya tmbahin biar puas,4
43,Putri Hanan,sukatpi kenapa ya sekarang ko kadang suka ngebelng sendiri,3
44,Suprayadi 73,tiktok oke mau nonton dan belanja semua serba oke,5
45,Russyahrul,aplikasinya selalu bilang jaringan tidak stabil padahal wifi dan jaringan bagus,1
46,lilis laelaratnasari,sangat menghibur dan bisa berexfresi ya walaupun kadang fitur fiturnya suka tidak bisa di pakai,3
47,Achmad Rifay,cukup bagus appnja juga aneka videonja sangatlah menarik dan bagus untuk ditonton baik terima kasih ulasan dari saya,5
48,Nona Lamarobak,sampai saat ini bagus cuma kadang lemot untuk pemutaran videonya,4
49,Bismillah ningsih,sering nglag padahal sinyal bgus video macet2 kek gk da kuota pdhal kuota baru isi tolong diperbaiki,1
50,Saeful rahman Sutrisno,09122023 tiktok erorsaya kira sinyal bermasalahternyata tiktoknya eror terus setiap live dan mau masuk live orang lain,1
51,Lusi Bugis,kenapa jadi banyak iklan nya bat membalas chat aja sdh iklan lagi iklan lagl aree,2
52,Kiswati I,bagus tapi q belum bisa pake tik tok shop wkwk padahal pengen banget jualan kayak yang lain,5
53,JIHAN MOHAMMAD JIHAN,saya sgt suka tiktok kreeennn buat hiburan tapi terlalu banyak pelanggan nya,5
54,Amjad Saifurrohman,gak jelas gak bisa login disuruh untuk tambahkan tanggal lahir terus gak bisa gak jelas banget,1
55,Aqila and Elea chanel,skrg upload video gak bisa pilih lagu sendiri y saat cari lagu gak pernah bisa cm ada musik yng di rekomendasiin aplikasi aj,1
56,JJA Arcof,aplikasinya bagus tapi kenapa kalau aplikasinya sudah diupdate tapi ada beberapa fitur yang tidak bisa digunakan malah di notif begini fitur ini tidak bisa digunakan harap diupdate padahal aplikasinya sudah diupdate jadi kesalmaka dari itu sementara ratingnya tak kasih 3 dulu,3
57,Delano Raedoe aureliano,tik tok saya tidak bisa untuk orang berkomentar padahal saya sudah membuka akses untuk orang berkomentar tapi kenapa pengikut saya juga tidak bisa untuk berkomentar padahal saya sudah bembuka komentar di tik tok saya untuk semua orang pada saat mau posting video saya kan ada opsi lain saya pencet di situ untuk mengizinkan untuk semua orang berkomentar tapi saat orangorang menonton vt tik tok saya mereka tidak bisa untuk berkomentar itu kenapa yah saya pikir untuk tik tok lebih memperhatikan,1
58,Iwan Putra081,aplikasi tik tok emang bagus bisa menambah wawasan saya dan banyak teman,5
59,Mira Mira,memang thebes deh pokonya tiktok smoga makin rame dan makin bermanfaat buat semua pengguna tiktok,5
60,Chaya Tanjung,saya tidak bisa dapat sandi lupa emel dan nomer telpon tolong pihak tik tok,5
61,Haura Fadhilah,saya kasih bintang 4 tp ko kadang kadang scene video yang sudah saya rekam ilang lagi sedikit saran saya sih tiktok lebih diperbaiki lagi sound nya dan perekamannya saya sudah capek ketika membuat sebuah transisi tp sound nya suka ilang sendiri tolong diperbaiki yaa,4
62,Graciia,aplikasi yang bagus saya dapat menhibur diri saya suka menonton dan aplikasi ini lah yang menurut saya nomor dua dari youtube,5
63,kang ujang (Kang ujang),aplikasi nya bagus tp akhir2 ini kalau masuk live sinyal langsung hilang pdhl memakai wifi sementara aplikasi yg lain bisa berjalan tolong di perbaiki,2
64,Hardi Wisono,apk bagustapi kalo buka live ampun deh lag nya itu jadi ga nyaman buat nonton padahal kuota sama wifi bagus sinyalnya terus kalo buka apk lain bagus juga sinyalnya yg bermasalah cuma pas nonton live aja,3
65,intan nur anisa,ini kenapa ya tiktok selalu ga ada jaringan pdhl jaringan saya bagus terus juga kalo diliat di play store tiktok selalu blm ke install pdhl udah di install di berandamohon bantuan nya pihak tiktok,4
66,Ahmad Qusyaeri,tidak bisa login jeng t dikirim deih kode na,1
67,Mamah devin Devin,tidak bisa mereset sandi tiktok dan susah masuk ke akun tiktok lama dan selalu gagal,5
68,Sri Haryati,makin hari aplikasi tik tok tdk bermutu semua yg di upload di hapus semua komentar di hapus sekarang tik tok aplikasi sampah,1
69,Sulis Tiwati,sejak ganti tiktok baru tidak bisa sama sekali lihat viti mau bikin viti pun susah,5
70,Abrar Arrizqi,aplikasi jelek ga bisa mempertimbangkan mana yang melanggar panduan mana yang nggak,1
71,Siko Silo,saya sudah lama menggunakan tiktok live streaming tapi kenapa tiba tiba akun saya diblokir permanen jujur saya merasa kecewa karena saya sendiri bingung apa alasannya saya sudah ajuin banding tapi ga ada tanggapan,3
72,Wiwin Widaningsih,kok tiktok nya gk bisa d buka,2
73,Hasan Acim,tiktok ini bagus dan keren tapi di tempat nonton itu kadang ada live terus banyak iklan jualan tolong yah kalo bisa tiktok shop di tutup lagi soalnya bikin ribet dan ngeganggu dan tolong di andet lagi yah tiktok nya biar keren,4
74,Refi Lomboktimur,kenapa nggak bisa life padahal udah didaftarin pakai ktp mohon diperbaiki,5
75,Vicky Adi,kenapa saya tidak bisa memasukan kode undangan padahal saya kan pengguna baru pertama keluhannya adalah tidak lolos control penipuan keluhan kedua kesalahan jaringan harap coba lagi itu saja keluhannya mohon diperbaiki dong pihak tik tok,2
76,Pengguna Google,alangkah lebih baik jika ada pengaturan kualitas video tonton seperti di youtube itu sangat membantu kepada mereka yg minim kouta untuk tetap hevan menonton video di tiktok dan mengurangi bufer video,5
77,Pembangunan NKRI,kenapa sangat sulit memasukkan kode undangan pengguna baru kecewa untuk kebajikan tiktok lebih baik besarkan hadiah menontonnya dari pada undang teman sudah di bagikan kode undangan tetapi tetap tidak lolos kontrol penipuan,1
78,Pengguna Google,assalamualaikum saya cuma mau curhat yaa bagus sih bagus tpi lemot bangett padahal aku punya kuota sinyal bagus 23m dan mb banyak memorinya hampir penuh lagian kuotanya habisnya cepet banget padahal kan aku baru beli kuota kenapa pas aku baru buka selalu aja ada iklan dari tiktok kayak hago like dan lainnya mohon segera diperbaiki agar semua orang terhibur saya sebenarnya suka tapi lemot bangett sementara saya hapus utk dahulunya sekian dari komentar saya wasalam,1
79,Adiet Rhushan,bagus asal di pergunakan dengan bagus tlong tiktok lebih di perketat lagi karna di tiktok banyak yg membuat video joget2 seksi tlong lebih di lihat lagi kalau perlu di blok hal2 seperti itu,5
80,Pengguna Google,aplikasinya bagus ya cuma iklan nya terlalu berlebihan dan terlalu banyak tapi semua videonya bagus2 koktinggal kita cari aja di penelusuran tiktok yang mana yg mau dilihatterima kasih,5
81,saa ale,selamat malam kasi rat 3 dulu soalnya aku mau ganti tanggal lahir kok malah tulisan nya kek gini tidak dapat mengubah tanggal lahiruntuk melanjutkantingkatkan aplikasi ke tiktok versi terbaru padahal udh di update tapi kok masih begini ya tolong dong bales,3
82,Muhammad Faris,aplikasi penipuan scamm cape minjem hp temen tetangga buat download tiktok ehh malah koinya cuma 1k ada yg 6k padahal tulisanya per undangan 10k aplikasi scam untuk lenarikanya pun gak bisa aplikasi penipuann scamm,1
83,Suhandi Inf,tolong di perbaiki lagii sistem nya knp kita kalau mau buka aplikasinya selalu lag parah kirain hp aku yg rusak taunya apk nya yang gini mohon untuk pihak tiktok segera di perbaiki terimakasih,4
84,Margaretha Rahayu,kenapa iklan yik tok keluar terus padahal beberapa lalu tik tok sudah saya hapus akhirnya saya download lagi tapi iklan masih keluar lagi sy terganggu dg hal ini,1
85,Ayu Sfa,enatah kenapa sekarang app tiktok gak bisa di bukatiap klik gak bisa kebika sedang kalo di uninstal truz instal lagi semua draf pasti hilang sayang banget udah ngdraft banyak buat posting berkala jadi sia,1
86,Mariah Tasneem,saya baru pemula maon tiktok sungguh menyenangkan sangat menghibur krn memenri peluang utk kita utk bisa menuangkan bakat seni dan sekaligus bisnis,4
87,ZAKEU BARETO,mohon lokasi dan negaranya pakai isi manual saja jangan pakai yg otomatis jika kami sedang di luar negeri mau akses tiktok dengan versi negara kami tetapi kami sedang di luar negeri susah sekali mengakses fitur fitur lain lain nya,2
88,DEWI FORTUNA,susah banget bikin video susah jg buka filter ypadahal hp ku g jelek2 amat samsung 5gjaringan bagus tapi sll bilang jaringan anda tidak stabil buka aplikasi lain oke2 j tolong donk tiktok di negara oman di stabilkan wifi bagus hp 5g susah bget buat video play video buka efek buka aplikasi lain lancar2 j kalau bagus ku kasih bintang 5 udh di coba ini itu ttp jadi ll susah play video temn2 jg susah susah banget sih mau duet loding terus,5
89,Mutia Rahayu ndera,knp skrang malah ngga bisa buka ini aplikasi setiap mau buka tiktok pasti ada kterangan jaringan tidak stabil pdahal sinyal bagus bnget,3
90,Ani Yuniarti,tiktok sangat membantu aplikasi yg bagus mohon d tinju mengapa ada beberapa fiturfitur yg gk ada filter mempercantik saat komal kok gk ada tolong di bantu untuk fiturfitur saya,3
91,Pengguna Google,tolong ya tik tok kembalikan musically kami karena para muser juga berasal dari musically dan tolong jangan plagiatkan aplikasi mc dan kepada musically tolong pisah dari tiktok logonya saja sudah tiktok semua kemana mc kita yg dulu yg berawal dari goyang hp hingga jago buat transisi hufftt jangan mau dibodohkan lah oleh dia,1
92,Pengguna Google,tidak bisa di downloadd dan nama app tidak keluar jika di search di play store padahal aku sukak banget sama app ini walau sudah berubah jadi tiktoktolong perbaiki lagi,1
93,lee seulgi,kok ngak ada ya fitur geser foto biasanya ada padahal udah di instal ulang tetep gk ada juga pliss dong tiktok di perbaiki lagii maaf ya kasih bintang 2,2
94,Rose Park chayeong,sebenarnya saya beneran suka sama versi tiktok sekarang pokonya jangan diubah fitur yang aneh2 yang ini udah cukup tetapi masalahnya tolong perbaiki algoritma tiktok nya kami juga ingin masuk fyp tolong buat algoritma tiktok baca akun saya biar saya lebih semangat lagi uplod videonyalalu masalah live streaming nya pokonya buat akun ku di baca oleh algoritma biar masuk fyp,5
95,Alex Obet,alasan saya kasih bintang satu yaitu masa saya sudah buat akun di tiktok malah harus di hapus oleh pihak tiktok padahal saya baru aplod bebetapa vidio tapi langsung gitu saya mohon segera di perbaiki dan saya sudah coba beberapa hal tapi susah padahal kode sudah terkirim saat bisa di masukin aku aku malah harus coba lagi saya benar benar kevewa sekali pada apk tiktok ini saya mohon sebesar besarnya mohon di perbaiki lagi,1
96,AirA Ersya,gimana sih saya narik saldo gakbisa gagal terus gak bnyak sih cuman 50rb tp saya gak curang masak iya gak bisa di tarik uangnya herann apa udah gak membayar lagi ya capek nonton video hasilnya gak bisa ketarik jadi males lagi,5
97,Pro Star,kenapa saya tdk bisa mendownload apk tiktok padahalterus itu kalo saya bikin akun ditiktok pasti gabisa harus bikin lagi akun nyanah terus itu saya sudah berapa kali punya akun tapi tetep gak bisa dibuka tolong di perbaiki lagi,1
98,she Bima,bagus kerentapi knpa skrang sering matiklo udah bikin cape cape vidionya malah mati kmbli ke berandajdinya hilang vidio dapat bikin itujlaskan cobaini tiktok versi baru,5
99,Fauzi Sambora (ZYY),lain kali kalau mau bikin event jangan nanggung2 bikin event mobile legend kok di batasi stok nya capek2 ngumpulin ujung nya gak bisa di tuker kalau cuma buat popularitas sekalian jgn bikin event gak jelas gitu gua uninstall ja nie aplikasi aplikasi gak jelas,1
100,Besty12 Besty,tetlalu sensitif apk iniupload vidio kadang berhenti di tengah kadang ada pesan tidak bisa terhubung ke internet padahal kuota internet baru isijdi saya kasih bintang 2 duluntr udah perbaiki baru saya nambah,2
101,syakilla,kenapa sekarang tiktok jadi ngelag banget yah padahal sebelum di update fine aja tuh ga ngelag dan lancar jaya apalagi pas mau bikin vid tiba keluar dari apk nya tolong dong di perbaiki lagi,3
102,M. Reza Kurniawan,pembaruan tiktok ga bisa berbagi ke semua orang,1
103,Phoe Bertiansyah,kenapa kalau posting sekarang kadang kadangsusah tolong perbaiki dan capcut gabisa download muter terus ngeloading ini kan bikin nunggu lama eh hasilnya gabisa download padahal baru isi quota jaringan juga baguspertama capcut lancar eh sekarang ngeloading eh makin kesini ga bisaaku copot aja maaf,5
104,Haer Gotik,sangat mengecewakan padahal udah di download tapi gak bisa ke install gak bisa di batalkan penyimpanan udah ke pake banyak gak bisa di pake apknya,1
105,Anang Anang07,bagus sih bagus aplikasi nya cuman dipenarikan ke saldo dana harus dana premium coba aja penarikan nya gak harus pake dana premium pasti lebih bagus saya ngomong gitu krna saya pelajar krna gak pinya ktp untuk jdi dana premium tolong dong penarikan nya jgn pake dana premium,4
106,Pengguna Google,sempat saya uninstall karena memori penuh begitu memori saya sudah kosong koneksi internet lancar cache google play store juga sudah dihapus tetap saja tidak mau diinstall ulang mohon segera dibenahi,1
107,Agostinha Viana,aku bisa mempunyai teman dari berbagai negara bisa mendapatkan pengetahuan banyak yang aku nga tau selama ini dan bisa membantu aku segala sesuatu yang aku sembunyikan selama ini seperti bisa dansa dan bisa bikin ditiku bahagia pokoknya love love love untuk aplikasi tiktok,5
108,Pengguna Google,maaf sebelumnya dlu yg bermasalah itu bukannya tiktok yaa sampe tiktok hampir mau di blokir kenapa jdi skrng musically yg menjadi tiktok mohon bantuannya buat di rubah jadi ke musically dulu lagi terimakasih,3
109,Pengguna Google,q suka sih sama aplikasi ini tapi saat kita ngunggah video q agak ga suka karena setelah kita mengunggah kita harus share ke beberapa aplikasi itu aja sih tapi mohon diperbaiki ya,3
110,Hariri Said,apa apan ini skrng tiktok kok ga bisa muncul tamplate capcut ga bisa pytar video padahal jaringan internet sanagt aman diperbaharui buksn nya tambah bagus malah tambah jelek tiktok dulu lebuh bagus,1
111,Pengguna Google,keren tapi bagusnya kalau ada kecepatan mode dari fast ke slow tanpa 2 kali dipencet dan filter filter yang baru,5
112,PGS july,appk nya bagus tapi aku hanya igin agar bisa di perbaiki agar saat si update terbaru jagan ada yang hilang karena saat aku danloud dan update lagi akunku ikutan hilang jadi mohon di perbaiki secepatnya,4
113,Ligia Silva,saya sangat suka dengan video musiknya terima kasi banget buat tiktok yan selalu memberi videonya teman2 yan sangat menhibur saya saat lagi sendirian dimanapun kapanpun saya beradaterima kasi buat tiktok semoga terus mengasi video musiknya yan bagus kern2 semua terima kasih tiktok,5
114,RENDIYANI RENDIYANI,terima kasih tiktok dgn adanya apk ini jd banyak sahabat dan menjalin persaudaraan jg menambah wawasan ilmu agama dan intropeksi diri posting2an temen dan kreator semoga bertambah sukses,5
115,Sindy Nuraini,app tik tok sgt menghibur sy di kala sudah slsai bekerja app kasinya bagus mudah n bisa mndptkan sahabat teman2 n keluarga di manapun berada hampir sm dg fb yg paling mnojol bisa nyayi n sperti suara pe nyanyi aslinya n bisa me lawak juga ini tok pokok nya bagussss,5
116,jason krugger,semenjak update tiktok makin ga jelas kalo di buka sering diley smaa lola sekali di buka lama udh gitu sering ke restart hp nya kalo buka tiktok tolong dong yg punya perbaiki lagi app nya biar yg nake ga bikin bete,1
117,Rina Anggraeni,aplikasi bagustapi kenapa setiap live ngeleg nya kebangetan,3
118,Fansi Sinfa,bagus banget tapi buat ngumpulin koinnya gajadi aku kecewa bangett,5
119,Vivi Angline,pliss memorinya lebih dikecilin lgi kasihan yg punya hp kentang pengen liat tiktok tp gk bisa karna terhalang memori mau beli hp baru pun gk punya uang tolong utk pihak developer utk ksih keringanan sedikit saja tentang memori tiktok yg memakan habis memori 360 mb,1
120,Sahna Bt Dolak,hi tik tok kenapa sy tidak bisa mengeluarkan nomor hp saya di tik tok yg sudah kebanet permanen berapa kali saya mencoba untuk ganti kata sandi tapi tidak bisa di reset dn sy tidak bisa masuk ke tik tok sy sendiri,2
121,Bip Bip,tidak dapat menampilkan gambar,1
122,DEATH KILL,aplikasi dan fitur yg tersedia sangat keren tapi tolong untuk pihak tiktok jika kita upload video lolong fyp nya di permudahkan yaa karna nggak enak juga udah capekcapek buat video pas upload ehhh malah nggak fyp,5
123,Fahad Satra,saya kalo nonton live orang jadi lelet banget gak jelas padahal semua cochie udh di hapus,1
124,firdanmanggalap,ga bisa login frekuensi kunjungan terlalu sering apa apaan si ga guna tolong di fix juga di tik tok lite dari dulu ga ada kemajuan,1
125,Pingki Triana,habis update kenapa malah gak bisa dibuka ya sampe akhirnya instal ulang dua kali tetep aja gak bisa dibuka aneh bgt,1
126,Agil Fire,bngkenapa akun saya tidak bisa muter bng padahal sudah di reset hp gua bng gua udh susah payh untuk bisa dapetin uang di apk ini tapi ujungujung nya gak bisa tolong di perbaikin ya bng yg buat apk ini,4
127,Tandi Saputra,perlu ditingkatkan lagi sih seperti filter di livestreaming dan di filter buat video tidak ada keterangan nama filter apa biar tahu sipenggunanya terimakasih itu aja sih,5
128,Rusli Johan,semenjak pakai tiktok makin banyak hal yang di buat lebih menarik dan banyak pilihan dari setiap photo atau video yang kita upload tiktok is the best pokoknya,5
129,lena napoleao,bagus sekali ini tiktok,5
130,Elly Ermawati,alhamdulillahbnyk pljrn yg bisa kita petik dg adanya tiktokyg ga tau jd tauberbagi ilmu tnpa harus mrsa bosansmg utk kdepannya tiktok smkin majuprbnyak konten2 yg mendidik itu lbh bagusjd pd saat ank2 ikut mng instal aplikasi inikita sbg org tua tidak was2,5
131,Pengguna Google,tidak bisa masuk ke tik tok harus daftar lewat email atau nomer telpon tapi tetap tidak bisa masukkok benar benar gak bisa yasudah download lagi daftar lagi berulang ulang x tetap gak bisa menggunakan nya gagal terus,3
132,Dhifa Khoeru Rosyad,buat kalian semua yang pengen download aplikasi tiktokjangan pake yang iniini beda servercoba liat gambargambar yang tertera tampilan nya beda sama yang tiktok indonesiasaya mohon jangan download aplikasi yang inicari aplikasi tiktok yang keliatan nya itu tiktok indonesiakayak ini itu tiktok luar negeriapaapa yang sedang trend tidak ada disiniliat kolomtentang aplikasi ini itu semuanya bahsa inggris kalo tiktok indonesia semuanya bahasa indonesia segitu aja saran dari sayaaa,1
133,norani norani,aku suka banget dengan tik tok,5
134,Riyan Nilam,bagus cuma sering lelet sampai tidak bisa loading,5
135,Pengguna Google,saya kecewa ketika musically di gabung atau dirubah menjadi tiktok terkesan jadi alay banget dan kurang mendidik tolong kembalikan musically jangan seenaknya tiktok donk main beli apklikasinya musically klau mau buat aplikasi khusus aja woi admin yg buat digabungkan tiktok dan musically tapi tolong jangan pakai aplikasinya musically donk woi sampai2 tiktok alay yg berkuasa,1
136,Amalia 59,tiktok sekarang knpa si kalo di buka susah harus di uninstall dulu download lagi baru bisa kebuka lagi tolong di perbaiki lagi dong,1
137,Fakhira Cute,jelek banget aku mau bikin video aja ga bisa padahal wifi aku nyala dan aman aman ajaadik aku juga main nya ga ada masalahkok aku gini malah kemana mana cepet benerin donk,1
138,theresia yolanda,tik tok aku gabisa di buat upload video baru pdhl udh 3 kali di coba tapi videonya ke hps trs pdhl aku udh lama pake tapi baru ini gabisa di upload videonyaitu ada mslh dg tik tok aku gak ya,3
139,Siti Aminah,aku pemula baru banget sejauh ini sangat asik tiktok punya sistem berbeda dari aplikasi lainya seru banget,5
140,Jose Tilman,saya hnya ksih rating 1 krna pas saya buka untuk mendaftar tapi gak bisa apply nia langsung keluar saja mohon perbaiki yaa sya sudah dua kali copot apply nya pas mau daftar langsung keluar aja mohon perbaiki,1
141,Gea Prima,tik tok tolong update buat filter urut apabila music di klik jadi kami bisa melihat mana video dari music tersebut yang baru,4
142,Pengguna Google,saya kasih bintang 3 ajabarang kali tik tok nya erortiktok terkadang ada gangguanklo tiktok nya lancar gx ada gangguan nanti saya kasih bintang lebih dri 5 hiiii,3
143,IRHAM BIN ZAINUDIN,makasih sudah memberikan aku aplikasi sanget baguskarena aplikasi tiktok ini jadi gk terasa kesepian lagibanyak teman tempat berbagi cerita yg sangat menarikaku selalu kasih yg terbaik dengn bintang 5,5
144,Erno 07,terima kasih tiktok sangat sangat membantu,5
145,Pengguna Google,pertamanya aku heran kenapa ada 2 tik tok padahal aku udh download tiktok yg satunya laginah aku coba download yg ini ternyata ini itu apli musicaly yang udh dibeli sama tiktokmakasih banget karena aku skrng bisa ngehapusin aib aib aku,5
146,Meta Meta,mengapa aplikasi saya tidak bisa melangsungkan live padahal umur saya sudah melampaui lebih dari 20 tahun dan sampai sekarang pengikut saya pun sudah lebih dari 1000 tolong untuk aplikasi tiktok membuka akun saya agar say bisa membuat live,2
147,Pengguna Google,aq suka sama aplikasi ini cuman yang bikin kesell kalo ga di buka setiap hari berandanya jadi acakan tolong lebih di kondisikan lagi ya min,5
148,Nisa Salman,ak kecewa ama admin tiktok kenapa comenan orang yg menjelekkan presiden di loloskan sedangkan comen yg berkaitan dengan anis selalu di hapusjadi admin it harus lelogo kelihatan bnget admin pendukung anismaaf klau kata ku kurang sopan kecewa ja gtu,1
149,Aqshal Fath,terimakasih aplikasinya bagus banget bikin wawasanku tambah luas dari tiktok kita bisa belajar mana yang benar dan mana yang salah tapi tergantung fyp sih,5
150,Raisa Story,dear tiktok saya suka sekali dengan aplikasinya namun ada 1 yang kurang yaitu fitur menamai dan mengkategorikan vidio yang di save agar pengguna lebih mudah mensave vidio yang bermanfaat terima kasih saya harap ulasan saya dibaca dan fitur ini siap di luncurkan,4
151,Pengguna Google,suka banget sama app ini karna bisa menghibur di saat mood kumatt wkwk tp knpa kalau setiap klik lagu nya suka error yaaah,5
152,Suhaendi Hendi,aku tidak bisa berkata apa pun karna aplikasi ini sangat bagus dan cocok untuk ku aku sangatt suka dan aku akan beri aplikasi ini 5 bintang jika ada bintang 6 aku akan kasih aplikasi ini bintang enam dan satu hal lagi bagi kamu yang baca ini kamu ga akan nyesel jika download aplikasi seru ini aku jamin 100 kamu ga akan nyesel,5
153,Eufragia Sousa,apknya sangat membosankan knp saat saya buka apknya selalu tidak bisa dan selalu keterangan tidak ada koneksi internet padahal jaringan saya stabil,1
154,Mmh Rizki,tolong bantu tiktok ga bisa ke buka lupa kata sandi imel ga aktip,5
155,Nyai Siti Fatimah,keren abis mantap dah,5
156,yuli sabila,kurang suka sama admin nya knpa kata2 kasar yg mnjatuhkan presiden sllu lolos,1
157,Dhani Orlando,tidak puas karena postingan selalu dihapus,1
158,Nenk Ammara,kenapa setiap saya komen selalu dihapus,1
159,Jani Canra,byisa nambah wawasan and hot hotyess,3
160,muh fahkri al khair,aku sangat suka aplikasi ini,5
161,Ati.maryati Arya,semoga lebih baik dan selalu bgus,5
162,octavio costa nunes,apk sangat indah,5
163,Fitriani Ekawati,kok g ada fitur posting ulang sama tiktok shop,3
164,KING FOX,tolonglah tambahin fitur upload hd di tiktokjgn cuma di amerika atau di iphone itupun di phone nlbelum tentu please saya konten kreator sangat membutuhkankarna saya capek editing tapi tidak hd,2
165,kardi Madinah,tik tok tidak netral,1
166,Alc Dyna,cba pihak mu profesional dikitjgn main bend akun org seenk mu aj mentang akun tersebut tdk menguntungkan pihakmu,1
167,As As,efek tidak bisa d gunakan,1
168,Nizam Alfaruq,sekarang udah bisa komen foto,5
169,Ekho Chaky,susah banget mau top up coin nya lainkali tolong donk d permudahh untuk proses top up nya biar kami pun betah pake aplikasinya,1
170,Paya Ray,bagus sih tapi kalo mau coba filter terbaru harus update dan itu membutuhkan waktu,5
171,Ma Ti,tidak bisa di downloadpadahal pakai wifi ruang penyimpanan masih byk ruang,1
172,Pengguna Google,asalammualaikum nama saya syaila fairuzasaya suka banget dengan aplikasi ini aplikasi ini menghibur saya saat lagi sendirian dan banyak video yang bisa di palajari semoga aplikasi ini menjadi aplikasi yang paling kita suka sedunia ya temanteman,5
173,Isabela 031,bermanfaat jika di gunakan untuk hal yg baik apalagi untuk menyebarkan dakwah tausiah dan hal hal yang memberikan energi positif kepada seluruh pengguna tik tok terutama kepada ummat muslim sedunia thanks,5
174,Eg Ry,sayang sekali ko lagu2 nya gk pada muncul,3
175,Deirzkma Deirzkma,saya sangat suka aplikasi ini tapi kenapa masih ada video yg seharus nya tidak boleh di tayang kan soal nya kan di aplikasi ini masih ada anak kecil yg masih nonton aplikasi ini nanti bisa bisa jadi conto yg buruk,1
176,Safitri Utina,aplikasi ini sangat bagus jika digunakan dengan baik tiktok akan jadi aplikasi terbaik untuk saling berkomunikasi dan berkarya sesuai minat dan bakat masing2 pengguna tiktok,5
177,agus saha,belakang ini aplikasinya suka ngelekjadi saya kasih bintang 2 dulu samapai aplikasinya berjalan normal seperti di belakanagn ini,2
178,Choi Chinta,gatau kenapa kalo nonton live atau mau live suka lelet padahal kuota masih bnyk,1
179,Kokom Komariah,menghibur banget untuk sya selama bekerja diluar,5
180,Gaspar do Rego,sangat lama untuk bisa menginstal nya jadi saya tidak suka dengan aplikasi ini,2
181,Sudjud Karyo bekti,tiktok semakin lama semakin susah untuk di oprasikan,1
182,Alhamdulillah Hirobbilalamin,ngleg fulllllll 24 jam gimna nih tiktok makin kedepan makin kurang bagus,1
183,Alfiah Ssandi,untuk live streaming sinyal nya putus putus,2
184,Dini Mekkah,ngk bisa bukak live selalu ngeleg padahal kuota banyak,1
185,Nazario Siqueira,,5
186,Santomi Sakiroh,kenapa harihari ini di live engga bisa kirim korun atau gody bag ya awalnya aman dn normal sekarang ko susah tolong dong berbaiki lgi biar normal seperti biasa,5
187,Vio Elma,sangat menghibur tapi sayang aku pemula belom bisa live kaya orang2 di tiktok,5
188,Andri YN,kurang koneksi smoga ditingkatkan lagi,3
189,Izam Rycko,cocok buat foto komen tapi ada yang ngemis like follower share jangan bawa nama agama,5
190,Sofyan Chomier,banyak konten yang menghancurkan moral generasi muda yang tidak pantas ditayangkan,1
191,Fatku Sari,admin tolong gimana ya supaya bisa download aplikasinya tik tok dan smua y tdk bisa alasan ya jaringanmenunggu jrngan wifi dll makasih,5
192,Pengguna Google,seru siihh jdi bisa kreatif bikin koreo2 baru dan bisa kasih challenge ke temen2 makasih sdh d berikan tempat untuk explore add yaa hyangrestus,5
193,Muy Haya,aga kecewa aja si filter facelift hilang soalnya itu filter tidak banyak merubah bentuk asli tapi natural bgt hasil akhirnyakalo yg laen kan pada menor terus hidung mancung kebangetan ga cocok,4
194,Iky,untuk pihak tiktok kenapa di saya tidak bisa menarik saldo atau koin pdhl sudah mencukupi untuk melakukan penarikan setiap ingin melakukan penarikan pasti ada tulisan jumlah pernarikan telah melebihi frekuensi jadi tolonglah untuk pihak tiktok segera di perbaiki saya sudah susah susah untuk mengumpulkan koin atau saldo percuma jdinya klw tidak bisa di tarik,3
195,Lyla Fraga,apk ini tidak bisa digunakan dan tolong isi ulang koin nya dan keranjan kuning nya juga gak ada ditambah lagi peti juga gak ada pokoknya diperbaiki dulu deh baru ditambah bintangnya,2
196,Pengguna Google,tik tok ini bagus makasih ya pokoknya kalo yang gak dowload bakalan nyesel bangettt yang belum dowload nanti dowload aplikasi tik tok yah,5
197,Link Trosobo,seperti apk yg lain klo user sdh rame pasti server sering down aplikasi force close sejauh ini saya msh suka apk keluaran dr facebook dan saudara2nya,1
198,Ismail,agak sedikit terbatas untuk pengguna android salah satu fitur yang hilang adalah tidak adanya mic pada fitur duetnya,3
199,Pengguna Google,pertama kalinya aku bingung kenapa ada dua tik tok yang satu 55mb yang satunya 52mb nah aku donwload duaduanya dan aku bandingin padahal tik tok yang versi 52mb ini seperti mempunyai garansi itu lohseperti kalau kita beli hp lewat online pasti punya garansi nah tik tok ini mempunyai garansi musically dan itu sangant bagus good joob,5
200,Cinta amk,aku bingung knp klu komen di kubu 01 dan 03 sllu di hapus sdng kan klu kubu 01 dan 03 wlupun komentar nya gk beradab gk kena pelanggaran smg adminnya sllu profisional,1
201,Ochy JL,ga seru soalnya gabisa namatin kayak di gamegame sebelah ga ada history dan gabisa jalanjalan kayak gta cuma video yg ga jelas di perbaiki lagi yah,1
202,Frances Cade SOUSA,aplikasinya bagus bangetkarna kita bole mengedit video trus ada video yang bagus bagnet,5
203,Lukman Panca,saya selama ini bayak yg ter ganggu kenyamanan dan masalah dipakai mati jadi aku gaya an dengan pemalsuan nya,5
204,Samuel Francisco Guterres,akun saya tidak bisa live dan sekarang mau bikin vidio juga tidak bagus masa bikin vidio baru mulai musiknya sudah habis padahal baru 5 detik musiknya sudah habistolong di pertimbangkan lagi ya terima kasih,1
205,Grace Sinaga,kenapa yaa akuu mau daftar akun terus waktu masukkin tanggal bulan tahun lahir muncul tulisan maaf sepertinya anda tidak memenuhi syarat untuk tiktok tetapi terimakasih sudah tertarik cara nya gimana yaa,5
206,Conceicao Gates,maaf gw kasi 4bintang aja karena lemot trus padahal jaringannya bagus bangat mohon selesaikan kendalannya,4
207,Susilo Utomo,app yang sangat bagus dan sangat membantu,5
208,Emis Putri,kenapa sya tidak bisa download check out tiktok shop nya selalu muncul percobaan terlalu banyak kenapa yah tolong dong diperbaiki yahh nanti kalau udah bisa aku kasik bintang 5,1
209,Calysta Sitepu,kenapa ni aplikasi suka terhapus sendiri ya lalu kalo mau di download katanya maaf tidak dapat menginstal itu knp y,3
210,Gadith Sembarang,saya suka banget sama tiktok tapi tolong lah ditambahin filter yg bisa bikin hd sama di tambah keranjang kuning nya soalnya saya suka berbelanja,4
211,syafiuddin Abbas,seing gk bisa di buka,5
212,Pengguna Google,kembalikan versi yang lama saya gk suka versi yang baru kenapa harus jadi tiktoktolong balikin musically yang dulu,1
213,Orang Sunda,tiktok nya jelek tolong perbaiki aku baru menginstal tapi pas ada tanda buka aku pencet ga bisa tolong di perbaiki ya,2
214,gsky gelin,aplikasi sampahsuruh masukkin tanggal lahir salahkan betulmalah salahaplikasi gak guna mending dihapus aja dari playstore semoga app ini dihapus dari playstore amin,2
215,RP Gaming,kenapa kalo kita membuka komentar itu pin komentar nya kok gaada malahan pin nya random bukan dikasih paling atas tolong perbaiki lagi supaya saya bisa nyaman mainin tiktok nya,4
216,Hermenegildo Da costa Gusmao,aplikasinya bagus menhibur kita tapi mau updatenya yang susah sekali coba harap kan ulang ber ulang gituh gini gini nia gue gak mau update tapi efek di dalamnya yang bagus semua gak dia coba pasti menyesal tapi update yang lama dah selalu harap coba lagi,3
217,Gabriella Rempas_,aplikasi ini sangat berguna sekalitapi baru download dan buka 5 menit chace sudah 500mb ntah kenapa tolong perbaiki,5
218,Een Solihat,mohon di tingkat kan lagi soalnya epek buat jadi komal sekarang ad yg bisa di gunakan dan ad yg tidak bisa gak seperti dulu,5
219,Alfredo Beto,mudahmudahan tiktok bisa membantu saya,5
220,Sri Wahyuni,hey jangan ada iklan di tik tok saya jadi ya kuota saya habis garagara iklan dan ada iklan yang gak berguna untuk saya bersikap lah seperti biasa jangan ada iklan kalau becus bikin apk itu,1
221,Ayang Mungil,menyenangkan serasa punya teman dan menghibur,3
222,Tania Martins,udah update filter tiktokeh besok mau buat harus update lagi tolong la memperbaiki filter nya ko setiap membuat harus update lagi sih,1
223,KADEK ARDIASA,min kenapa ya saya setiap bukak tik tok pasti itu mulu video nya knapa ya min padahal jaringan bagus hp bagus tempat bagus dan kenapa itu min,4
224,Neng wati Wati,saya gk kn ngsih bintang krna saya udah kecewa bnget sama aplikasi iniyg gampang bnget mmblokir selmanya ok pra pengguna tiktok yg sdah melanggr standr komunitas tnpa di sadari tp gk ada kh kebijakan sedikit aja buat kmi pra pengguna tiktok klw melanggr jgn langsung di blokir slamanya krna aku juga buat ngumpulin folower itu butuh waktu pnjang dan buat konten hl yg bagus dan menarik hrus latihan berulang begitu juga dlm brmain tiktok gk gratis pke kuota sekli melanggr jgn lngsung blok,1
225,OnlyJzz,kenapa sih tik tok udah error njir setiap gw nge login ke akun gw trus ada tulisan frekuasi kunjungan terlalu sering padahal udah di tungguin 5 jam lebih tapi masih muncul tulisannya,1
226,elhatman 143,kenapa aplikasi tiktok tdk bisa di buka dihpku susah banget tolong kenapa ni semoga cepat diperbaiki tetima kasih padahal biasanya sy suka ngasih 5 bintang nanti klu sudh bagus sy kasih bintang 5,1
227,Rotua Lusianti Panggabean,kecewa aku kenapa akun titkok ku gabisaaa dibukak padahal itu akun ku uda lama dan follower nya uda banyak kian dan biasanya login nya dari fb eh dimasukkan dengan fb yg smaa tapi akun nya beda video dan follower nya pun tidak ada lagi,1
228,Pengguna Google,saya kecewa bangettkenapa setelah diperbarui musically menjadi berubah dicampur tik toktolong dikembalikan seperti dulu saya gk suka dicampur2,1
229,Marta Setiawan,sangat berartitrms,5
230,VLOG ED_YHANG_C93,saya sedikit kecewa dan kurangi bintangkarna pada saat saya live selalu berhenti tiba tiba tampa sebabpadahal jaringan saya lancar sekali,3
231,Ginal Celisa90,tolong pihak tiktok perbaiki aplikasi agar lebih baik karena mau simpan video tak bisa,3
232,Ncess Nabati,bagai mana saya bisa kasih bintang full download beribu kali pun susah padhl wifi penuh aplikasi banyak yang saya buang demi mendownload tiktok tapi masih tetap gak bisa gimna sih aplikasi sngt mengesal kn,1
233,Pengguna Google,saat mau menggunakan lagu susah sekali terdownload lamaa di tingkatkan lagi,1
234,Tira misu,terima kasih tiktokdgn ada nya tiktok jd bnyk informasi temandn menghibur bngtdgn musik nya yg mantul sx lg terima kasih banyak sehat sukses selalu,5
235,Samini Samini,hello slm saya mencihello asalamualaikumtiktok saya berhinti tolok bukak saya minta bantu anyantai tiktok,5
236,Rika Dedek,aku senang bermain tiktok ini lah hiburan yg tidak membosankan selalu ada persi terbaru untuk filternya trgs nambah pengalaman juga,5
237,Duniaserba Serbinews,menyebalkan main hapus postingan tampa melihat apa betul ada pelanggaran disitu klo kaya gitu terus carakerjanya mending uninstalle ja,1
238,Abdul Robin,tiktok aplikasi yang cman ngabisin kuota imbalan nonton vidio receh jd skrang tiktok aplikasi gk guna lama lama gk ada orang yg bagian nonton vidio,1
239,Suhartini Santa,bagus tp gimana cara nya jika tiktok an menghasilkan uwang,3
240,AYDHA HIDAYATI,tiktokan membuat diriku tetap happy menghibur diri meskipun kerja berat menjadi ringanthanks for your tiktok the best aplikasi,5
241,Pengguna Google,stiap saya bikin vidio kenapa tidak ada yg likecoment punapa hanya kusus hp iphone aj yg terlihattrus android tidak terlihat di id tiktok,3
242,Afifah Indratya,aplikasi yg bermanfaat terus pertahankan dan sering2 kasih voucher free ongkir utk tiktok shop biar makin laris dagangan saya,5
243,Nur Khozin,sekedar buat hiburan dan mengenal pengguna tiktokapabila tidak suka dengan postingan diamin aja di ambil yg baiknya sajayg sekiranya bermanfaat buat diri pribadi dan buat orang lain,5
244,ilido Monis,tiktok ini kalo kita ga pake selama 1bulan ko tidak bisa buka tiktok ini lagi sih tolong dih perbaiki,2
245,Herlin Carvalho2306,tolong di perbaiki ya masa setiap ingin instal selalu ada masalah kecewa,1
246,Paul Soares,aplikasinya sangat penting untuk anak lakilaki dan perempuan yang sedang berkembang pesat dalam bentuk yang sedang berkembang dan kami ucapkan banyak terimakasih atas informasinya sangat membantu dalam proses pembangunan yang tepat,5
247,Pedro Faria,app ini bagus cuman efeknya tidak bisa di pakai cuman muncul jomm wajah doang,1
248,Rudi Ferdianto,kepada pihak tiktok yang terhormat kenapa akun saya tidak bisa melakukan live streaming padahal sudah mencapai 1000 follower dan usia saya sudah di atas 18 tahun mohon dengan sangat bantuanya agar di munculkan fitur live streamingnya terima kasih,5
249,chupit ajha,saya kasi bintang 1 aja karna id tiktok saya selalu di blokir padahal video2 yg saya upload sopan semua dan sekarang saya download gak bisa lelet,1
250,Huzen Munawir,luar biasa mantap,5
251,Sundarie Wardana,tiktok itu khusus yg pke wifi bukan sch knpa saya yg pake data tidak bisa buka tiktoksaya d luar negri,1
252,Patricia Alves brito,aplikasi ny jelek banget dehh jangan di download yhhgak bagus percaya dehhh sama minum nyah tapi boong pak nya bagussssssssbanget minim kasih bintang5 untuk apk ini karna serubagus buat kita yang fakk modd instal ini mood nya akan kembali ceruahhh percaya dehhhhhsama minum yhasalamualikum teman,5
253,Akun Dio,sangat bagus tapi gk bisa ter istal,5
254,Pengguna Google,pliss tolong balikin musically lagi saya lebih suka apk musically dibanding kan tiktok sekarang apk tiktok suka error sendiri tolong yaa balikin lagi apk musically min,3
255,Pengguna Google,u k bat ia ga bk yl ao dwld tapi kok dulu aku bisa download dan udah daftar akun trus aku hapus lah sekaran ga bisa download please perbaiki,3
256,CCTV Madinah,hiburan yg paling asik,5
257,Dize Winder,aplikasinya membantu banget pokoknya the best deh buat tik tok ayosegera download aplikasi tiktok,5
258,esih sukesih,kenapa masuk tiktok d persulit sih selalu keluar tidak ada sinyal padahal ful xue,1
259,Minni Cute,bagus sih tapi penggunaanya kalau akun dulu gak bisa masuk lagi dan dicari juga gak ada,5
260,Pengguna Google,seneng banget tik tok mah best forever karena bisa ngehibur kalau bosan terus bisa bikin vidio tik tok jadi aku seneng banget makasih ya yang bikin aplikasi iniii aku suka banget tik tok,5
261,Amaun Metan1996,aku kasi bintang satu karna aplikasinya saat di buka kenapa lambat amat trus kadang2 bilangnnya jaringan tidak stabil padahal jaringannya bagus loh gimana sih,1
262,ranran chanel,gua beri bintang 3 aja soalnya mb tik tok terlalu besar tolong kecil kan kasihan yang hp nya masih samsungdll klo mb kecil gua kasi bintang full,3
263,Ronny Gomes,tolong ditambahkan translate di tiktokthanks,5
264,Rafah Hadyan,gak bisa buat komen foto,5
265,Pengguna Google,tiktok gak adil yang di up video orangnya itu aja udah cape buat video udah di ulang boro ada yang ngelike coba yang cuma nyengir doang langsung banyak likenya,3
266,Gevania Leite,saya suka banget sama aplikasi ini tapi efek aku deh ko efek tiktok saya gabisa dipake 2022 yang keluarang efek baru,5
267,Job Da costa,saya pake app tik tok baik dan aman saja untuk nonton semua video di app tik tok saya,1
268,bundha all,kenapa sekarang tiktok lag terus liat live lag terus kenapa ya jadi bikin esmosi,3
269,Srit Zebua,bagusss tapi baik2nya jangan pilih2 kasih buat fyp trus mohon siaran langsungnya terbuka untuk smua pengguna tiktok karna butuh buat jualan terima kasih,5
270,Selamet,susah sekali untuk masukan undangan baruselalu penipuan eror jaringanpadahal aplikasi ini bagus tapi undang teman tidak bisa,3
271,Farhatul Kholidah,assalamualaikum dear tiktok saya salut dengan tiktok sdh apk ny baguss di tambah lagi menemani ku di kala lock down terimakasih,5
272,Antonio Fernandes Da Cunha,aplikasinya jelek bangeeeeeeeeeeeeeeeeet tapi bohon aplikasinya bagus banget terimakasih tik tok sudah,5
273,Cindi Fatimah,plis bngt pihak tiktok kok akun lma ku g bsa msuk tulisan nyfrekuensi terlalu sering di kunjungi pdhl udh 5 download hpus msh g bsa data udh di hps ttap aj kok briq bet y,1
274,Aisyah Syarief,tidak relepantidak mendidik dan mengandung forno grafi,1
275,Taufik Purnama,aplikasi nya knpa di luar negri tidak bsa di pakai ya pdhal sinyal internet bagusada yg tau tidak ya,5
276,Jamila Fa,saya pemula blom bnyk tau tentang aplikasi ini tpi saya sangat suka karena dengan aplikasi ini saya bisa menghibur diri sendiri semoga aplikasinya semakin melejittt,5
277,Pengguna Google,tolong kembalikan musically versi sebelumnya karna kalau musically sama tiktok digabung memori bakalan penuh sekali lagi kami minta tolong untuk kembalikan musically versi lama,1
278,Saya Ajah,level kecil belum bisa bikin live jika aplikasi nya tidak di kembangin lg maka saya akan mengurangi satu persatu bintang nya,5
279,GOEL Vloger's,kenapa skarang tik tok sya harus menggunakan pvn untuk nonton live,1
280,Nur Nury,kenapa sllu ngleg padahal koneksi internet bagus,5
281,Pramita Avriliya,akun saya terus2 an ditangguhkan padahal itu akun baru gabisa login setiap login ada peringatan akun diblok selamanya pdhl saya tidak ngapa2 in saya post vid aja gapernah tolong kasih solusi,1
282,Pengguna Google,tapi tolong permudahkan menyimpan video karna jika saya ingin menyimpan video harus dibagikan dulu melalui instagram,3
283,Neng Quin Atmaja,tolong apk tiktok nya di pervaikin lgi dong saya kerja di luar negrijdi cuman bisa hiburan kya liat video d tiktok kalo tiktok nya masa gk bisa ke buka terus msa sya harus unistal terus sih tolong di perbaiki lgi dong apk nya adminterima kasih,5
284,Felicia Putri,tiktok tuh sensitif bgtt masaa iya komen dkit lgsg dihapus otomatis komennya kn utk mmbela kbnran sdgkan video nya yg nganiaya lah ngehina agama lah giliran yg kya gitu ngga dibanned anehh bgtt yg di banned mlh yg gasalah apaa anehh emg tiktok,1
285,Gerson OL-C,aplikasi ini sangat bagus tapi kekurangan dari aplikasi ini adalah even tidak muncul di halaman saya dan saya harap developer bisa mengerti dan memperbaik nya,5
286,Marcela Soares,apk nya bagus bangettapi tolong di buka blokir nya karena saya sangat membutuhkan akun ini yanh bernama itsyourbeby sekali lagi saya mohon maaf jika saya ada membuat kesalahan di tiktok,5
287,Pengguna Google,permisi mau tanya dong knapa ya tik tok aku kalau pakai wifi malah lemot wifi nya bagus amat kok,3
288,Joana da Costa Soares,aku sangat suka pakai aplikasi tiktok ini tapi ko aku buat video slow musiknya ngah complit tolong dong,5
289,Pengguna Google,knp musically sama kayak tiktokayo lah please musically tetap musicallydan tiktok tetaplah tiktokgk ush d sama samainkumohon kembalikan musically ke versi yg dulu,1
290,Ningfey,salam bagus buat hiburan dan pengalaman hidup pas deh pokoknya trmksh tiktok sukses dan tambah maju dan berkembang buat kontenbaru oke,5
291,Florencia dr Jesus,aplikasi ya bagus sekali dan banyak filter yang bagus dan menghibur banyak orang dan banyak drama yang bisa kita nonton sumpah siapa yang download ga bakal nyesel,5
292,Pengguna Google,aplikasi ini bagus banget aku suka sama aplikasi iniaku disini bisa lihat video tik tok nya bts dan blackpinkkarena aku ini adalah seorang army dan seorang blinksjadi aku kasi 5 bintang deh,5
293,Ros maya,aku sangat suka dengan aplikasi tik tok tapi suka eror ga bisa di buka sama sekali,5
294,Rozy Saputra,aplikasi tiktok ini bikin saya ingin kembali sekolah sd lg karna uang saku waktu aku sd sangat murah sekali dan aku senang sekali apalagi teringat waktu dulu pernah ngiseng nyng katok,5
295,Qodiri,sangat membantu pada saat suntuk,5
296,Abby Hany,sangat menghibur dan memuaskan,4
297,Fitriyah Apriliani,aplikasi tiktok sangat bagus cuma kadang ada sedikit masalah kallo ada yang komentar trus di balas suka ga muncul balesannya,5
298,Linanda Febriana,apa cuma tiktok ku yg gk bisa di upgrade sama belum ada krenjang kuningnya tolong solusinya dong software udah pembaruan kok,1
299,Ida Nurhayati,banyak membantu shop online nya walau sy di saudi bisa belanja keperluan yg sy inginkan dan untuk harga ny murah terimakasih tiktok,5
300,Muhammad Maulana Ishaq,saya suka tiktok saya bisa belajar banyak tentang kehidupanshalat dan bacaannya ceramah yang sangat bagus,5
301,Bhakti Andaru,aplikasinya bagus agak kurang dikit sih menurut saya baca aplikasinya bukan usernya awokawok,4
302,INO LUCIO,tik tok anj nickname nya ko ga ada larangannya buat orang2 anjin yang menghina agama ko ga di blokir tolong blokir orang2 yang nickname nya menghina agama tolon di blokir,1
303,Laode Abdulfarid,baik digunakan,5
304,Pengguna Google,kenapa saya memberi bintang 5 karena tiktok ini bisa menghilangkan stress disaat kita frustasi dengan kerjaan maupin masalah lain,5
305,Sadiyah Rezkyansa,mantul buat hiburan mantep thebest pokoknya,5
306,Pengguna Google,aplikasi gk bisa di download padahal internet kuatpenyimpanan banyak download apk lain bisa tapi untuk apk tiktok gk bisa,1
307,KOCAK Gaming,ini bagus banget sih buat berkarya dan banyak bet fitur nya dan yang paling gw suka itu di beranda ada video ooaim diketu ngakak bet sih keren dah,5
308,Pengguna Google,kenapa sekarang app tiktok tidak bisa menambahkan lagu dari file musik hp sendiri,2
309,Sudarmi Jiyamto,bagus banyak peminat mudah di akses dulu aku mimpi sekarang jadi kenyataan bisa menggunakan tik tok salam bos tik tok terimakasih semoga aku banyak yg kasih like dan following,5
310,Evelina Silva,sangat bagus dan sangat menghiburtapi aplikasi tik tok yang saya pakai ini gak bisa foto lagi tolong dong bisa bikin foto dong,5
311,AnqueciaClotata Carvalho,sedikit kecewa sama tiktok kenapa setiap nonton salalu muncul jaringan tidak tersedia padahal jaringan bagus aja kalo nontonnya lama mala minta kode tiktok hmmmm tolon perbaik,2
312,Wendi Tania,apa cuma gua yg ngerasa tiktok sekarang pas lagi nonton videonya gebugmancet gtu tolong tiktok kita yg lagi nonton merasa terganggu,1
313,Pengguna Google,bagus sih tapi donload nya kok lama dan diulang terus mohon pihak tik tok diperbaikiinstal ny juga lama jadi gk bisa tik tok kan deh,5
314,Khaerudin Bin marjuki,kenapa tiktok sembarang blokir pesan makin ga jelas aplikasi ini,1
315,Aulia Hadju,tidak bisa di buka,1
316,Nugianti Sagita,kamera tiktok nya jelek banget saya sebagai pengguna user android sangat kecewa dengan kamera yg diberikan oleh tiktok,1
317,YT ALFA,apk sangat bagus dan bisa menjadikan kita semakin pandai dalam membuat fidio mengedit fidio dll,5
318,Pengguna Google,efek slowmotion sekarang kurang bagusmasa musik nya ilang begitugak bisa pas sama sekalikecewa gue,1
319,bagi2 no wa artis real,aku kecewa dengan apk tik tokduku gk ngelagkok sekarang suka ngelag jadi untuk masuk tik tok jadi susahtolong di perbaiki,4
320,Ridwan ARFN,sangat buruk saya mencoba menonton video lama tetapi tidak mendapatkan point hasil menonton sudah sering seperti ini,1
321,Pengguna Google,mantap njinxcewenya montok montok cocok buat bacolsaya sarankan tambahkan genrenya seperti japaneseindonesiablondearabteenbeatiful boobsdan masih banyak lagi termiakasih tik tok cewelnya good banget,5
322,Dullan Keken,apl in sangat menhiburkan kita semua dan begitu mengenali judul judul yg kita cari cari,5
323,Anisa Aulia Fujiyanti,apk nya bagus cuman lebih difilter lagi untuk yg masuk fyp nya sekarang jadi susah buat fyp,5
324,Mella Lim,tik tok sangat bagus buat hiburan tetapi banyak yang di salah gunakan karena masalah negara saling bakar bendera tolong kasih peringatan jangan bawa bawa negara atau bendera negara dalam membuat video tik tok,5
325,Ainy Channel,aplikasi hiburan terbaik saat gabut aplikasi terupdate kalo ada ada info berita dll pokoknya aku sukaaa,5
326,Amel Delifa,kendala di aplikasi tiktok adalah tidak semua lagu bisa dipakai ntah di pengaturan apa gmna,5
327,elva adi guntoro,sangat menyenangkan saya jumpa teman lama pun baru di sini juga menyediakan dunia baru yg sangat bagus saya sangat menyukai aplikasi ini,5
328,Pengguna Google,harus bisa lebih bagus lagi watermark bagi android samain sama iphone terus kalo penggunanya bikin harus ada yang like ada yg komen percuma kan buat,3
329,mic hael,sekarang tiktok kok susah memposting yaasetiap aku mau post selalu gagal padahal udh instal ulangtapi tetap aja gitu sekarang tiktok makin aneh aja,3
330,Nurhayati Jambak,aplikasi yg asyik seru buat hiburan mantul mantap betul,5
331,Melvin Dean,aplikasi yang bernama tiktok ini bisa membuat aku atau anda menjadi tertawa senang dan tertawa di saat aku sedih anda ayo download aplikasi yang bernama tiktok di play store atau pun di app store 5 stars,5
332,Mentor_LB9_B_06_Marlina,bnyk iklan ngelag ga suka font ny fyp nya ska muncul yg gjelas lebih suka pke tiktok lite,3
333,Afiata,tolong tiktok tambahkan fitur 18 18 ketika saat uploadagar tidak ada anak kecil yang melihat konten 18,1
334,Pengguna Google,saya tidak bisa mendownlod apk ini saya sudah menghapus semua foto dan apk yang lain tapi tetap saja tidak bisik saya kasih bintang 1 saja tolong diperbaiki,1
335,Pengguna Google,ini bagus banget bisa di simpan di galeri hasil nya terus bisa di pasang ke ss wa pokok nya bagus deh,5
336,Pengguna Google,aplikasi tik tok ini setiap di unduh kok gak bisa terpasang ya harus ngunduh berulang ulang kali,1
337,Nasywa ophelia,saya sudah mendownload aplikasi ini berulang kali tapi kali ini knp tidak bisa sudah tiga kali saya mencoba dan hasilnya sama mohon infonya,1
338,Azrah Nita,samgat terhibur dengan menggunakan aplikasi ini tapi sayangnya tik tok sebelumnya aku terhapus jd sekarang harus download lagi mudah2an aku bisa menggunakan account lama,5
339,Henny Susanti,aplikasi yang sangaaat bagus dan juga sangat menghibur apalagi kalau kita sedang lagi nggak muut coco banget liat aplikasi ini pasti di jamin ngakak,5
340,Cepy Irawan,saya kasih bintang 4 app ini sebenarnya bagus tapi saya cuma kasih bintang 4 bukan bintang lima karena ga bisa slowmo yg potong potong gitu deh,4
341,Pengguna Google,tolong ini slowmo nya tiktok di benerin karna saya udh bagus bagus ehh ke buang sendiri habis itu mau uploud aku udh tunnguin lama tapi malah mohon maaf coba di ulang lagi itu saja terima kasih,2
342,Pengguna Google,kok gak bisa unduh suara ya jadi gak ada lagunya kalau mau main tiktok,2
343,Mariam Mariyummy Channel,suka banget sama aplikasi ini sangat menghibur dan menyenangkan semoga semakin berkembang lagi untuk ke depannya,5
344,Usep Prazetyo,tiktok update makain ga nyaman sekarang sudah ga bisa skip percepat video tiktok meresahkan,1
345,martins jaques,hahahah aplikasi buruk saya udah downlod tapi saya tidak bisa nonton saya sudah dftar kan diri masih sajah enga bisa sagat disayangkan tolong di perbaikiklo udah perbaiki saya kasi 5bintang,1
346,Sony Bandung,aplikasi tiktok ini bgs tapi syg waktu live tmn tdk bisa lht org yg live hanya bisa komentar ja yg bisa di lht,5
347,FEBTI TITA INTERNATIONAL,asli nya sih baik baik aja tapi kenapa saya tidak bisa mengirim pesan sedangakn yg lain bisa untuk tiktok minta tolong di perbaiki,1
348,Evita Vidia,tik tok emang kren tapi knp aku gk bisa daftar ya kalo aku daftar ada tulisan sepertinya anda tidak memenuhi syarat dari tik tok,3
349,Fredi Ferdiansyah,menambah wawasan juga pengetahuan yg kita sendiri belum tahu dan juga mengenal berita di negara luar selain di negara sendiri,5
350,Pengguna Google,ini apk nya udh di download kok gk bisa yh malah disuruh download ulg lagi sia ajh nih pdhl tdi udh menginstal eh kok di layar utma hp gue gk adalngsng cek ke plystore yh ngulang deh knp gitu gan,1
351,Terima apa gak Najmahsalma,jelek ko da banyak tiktok bingung milih dah ini aplikasi asli palsu bingung nggak lagi deh donload s sekarang baru tau kan yang asli ribeeeeet,1
352,Ega Irna,mantap apkisi nyaterimakasih smoga ke depan nya makin ada fitur dan filter baru lagi the best,5
353,Ikaarti,aplikasi yang dulu nya dibilang alay sekarang menjadi aplikasi paling populer saat ini emang gak ada yang tahu masa depan,4
354,abun vong,sayan suka sekali sama tik tok ini karena bisa bikin video dan bisa di simpan dan bisa di bagi ke teman teman seruh deh,5
355,Aryangga Reynaldi Danuartha,terima kasih tiktok apk yg bagus bisa liat kayes joged dan cewek lainya live streaming nya juga mantap mantap kurangan mereka pakek bh aja tiktok terima kasih ya,5
356,Tere Radiska,aplikasi yang sangat bermanfaat semoga makin sukses dan berkah selalu terimakasih tiktok,5
357,Bocil Sultan,akun di kunci udah kirim data data akunya tidak pernah di urus paling di bls email suruh kirim data mulu padahal udah kecewaa bgt,1
358,Rafi Freefire,wowapk ini sangat baguskepada pihak garena bisa di tingkatkan lagiselebihnya bagus sih moontonmemang mantap lah tencent,1
359,Kim Rahman,kenapa nggak bisa live 9 komal kok yang lain bisa kenapa kita nggak bisa ayolah update ke 9 komal please,3
360,Putri Zahra,tolong dong jangan macet lagiga bisa bikin vt ga bisa edit profil juga kenapa sih,3
361,Edy Susanto,aplikasi gak mutu main blok aja unistall males bikin account baru gue bikin cuma buat awasi anak fix satu keluarga unistall gak butuh tiktok yg bilang kalian dpt coin jng percaya diboongin coin gue ilang sendiri,1
362,Deco Rizio,kenapa video saat di refresh videonya gak bisa yang lain terus ajah yang ada,1
363,Anis Clack,gk bagus banget app ini masah sih akun saya di blokir kan saya gk ngapa ngapain saya kesel banget saya udah daftar berkali kali tapi gk ada hasil nia mohon di perbaiki app ini karna saya juga ingin bermain tik tok seperti orang lain juga,1
364,Pengguna Google,hai perkenalkan nama saya hasna aulia aku suka bangt tik tok kalian langsung donwlod aplikasi tik tok gak akan nyesel deh kalian bisa menggunakan aplikasi tik tok dengan bersenang senag terimakasih aplikasi tik tok,5
365,Feldiano Ximenes,aplikasinya bagus banget dan bisa membuat orang banyak bisa menunjukkan bakat mereka masingmasing di tik tok,5
366,Kafka Bilal Aidan,aplikasi ini sangat menghibur tetap maju kan program baru di tik tok,5
367,Raya putry Puput,aplikasi tiktok saya terhapus trus saya coba mendownload lagi enggak bisa gimna caranya yah,5
368,Pengguna Google,dengan hormat kepada pihak musically saya kecewa dengan adanya pembaruan inimungkin bukan saya aja yang kecewa dengan adanya pembaruan inikami mohon maaf sekaliapakah musically bisa dikembalikanmaaf bila ada salah kata,2
369,Alwan officiall,bagusi tapi ngedonload nya lama tapi kalo nanti nanti cuma sebentar aku kasih 5sama lagi udah 24 mnt kok masih 11padahal jaringan bagus,1
370,Pengguna Google,bagus sihtapi hampir semua lagu indiadj nya cuma sedikit tolong diperbaiki,4
371,Pengguna Google,saya lebih memilih musically yg duluplis deh gosah di campur2tik tok di campur musically mau jadi apaplis kembalikan musical kami yg dulu bukan yg skrg,1
372,Pengguna Google,bagus sih aplikasinyatp terkadang kena blok padahal ga ada yg melanggartp yg keliatan cd nya sam tetek aman,5
373,Pengguna Google,sumpah nyesel bngt upgratny kirain pas udh dupgrt tambah bangus ehhh malah ga jls mana ga bisa pke lgu sndiri lagitruss knp fariasiny ga sbnyak di ip dri awalny mc ehh mlh jdi tik tok trpksa aj pke apk in krna hobi klo bisa tolonggg diperbaiki seperti dulu,2
374,Diadi 098,aplikasinya cukup baguscman krna z bkn penilai aplikasi atau lain sebagainyajadi aplikasi q kasih bintang lima ajh gitu,5
375,Tanio Repal,ini sangat bagus zangan rupa danlout nia wa karena ini bisa buat apa papa ini sangat bagus jangan rupa wa kasi binta lima sungu ini sagat bagus sebelum masuk daftar dulu wa,5
376,Fajar Anton Maryanto,gak bisa update aplikasigak bisa unggah videokomplit pokoknya mah,5
377,Nani wasan,saya tidak bisa merkam lagu yang ada di tik tok saya tidak bisa levsing lagu lagui cant levsing songs,1
378,frsd,tiktok makin bagus kalau bisa banyakbanyak gratis ongkir ya,5
379,Utjang Gryt,makasih tik tok semoga kita semua bisa terhibur dan menyalurkan bakat dan juga saling menguntungkan,5
380,Cindy Cecilia,download nya 73mb pas udah terpasang dan liat video tbtb 1gb lebih need bgt buat hp kapasitas kecil,1
381,Rafi Azam Malpaci,kasih fitur cadangkan tema fyp dong jdi kalo uninstall terus di instal lagi jadi sama fypnya kayak sebelum di install jdi ga perlu menyesuaikan lgi,4
382,Pengguna Google,sebetulnya sii suka sma apl ini cuma yaa krna di gabung transisi sudah spt tdk dihargai klo bisa sii ya saran saya logo tiktok dab musically setengah setengah sja jgn smua logo tiktok mksihh,4
383,Marianu da Costa,baru baru ini sih agak jelek dikit yasoalnya jaringan saya baguskok jalannya lambat banget,1
384,Bambang Samiaji,apk nya suka keluar sendiri pas upload suka gagal mohon di perbaiki,1
385,Bayu DharmaTrinanda,terimakasih tiktokkarena hiburan di aplikasi ini membuat penyakit saya mulai membaik dan saya juga sudah bisa mem,5
386,argivani argun,aplikasi yang sangat bagus bisa ngobrol sama temanteman curhatcurhat bisa ketawa,5
387,Aldy RaQalele,sya sangat terhibur kerika menonton tiktok karena disitu ada video yang sangat menarik,5
388,Maria Octaviana,update filter yang lebih bagus lagisesuaidengan musik di tiktok,5
389,GiveMe SeeGod,tolong kasih di fitur live stremingnya diberi pilihan grafik fhd hd sd jadi ga burik burik di hp panjang2 jaman sekarang apalagi ini live rata2 pada jualan jd nontonnya lihat barang jd bagus,3
390,Algero Barokah Gomes,tiktok ini keren banget bisa belajar bisa ketawa juga pokonya banyak da 1112 lah sama youtube,5
391,official Armansyah,gila parah bgt tiktok sekarang upload video dr mlm sampe pagi gak ada like views n coment sama sekali parah bgt gak ngerti lagi sama algoritma tiktok,1
392,Rina Roslina,saya mau akun saya yg udah lama bisa kembali lagi soal nya saya udah coba berapa kali kata sandi salah terus dan nomor telepon sama emailnya sudah tidak aktif semoga bisa kembali lagi akunnya,5
393,F5X,hallo saya sangat kecewa sama tiktok karena saya sudah punya akun facebook tadi aku mau login gak muncul muncul tolong perbaiki,1
394,ozho jabra,aplikasi ini sangat penting untuk menghibur dan menarik setiap waktu kesedihan,5
395,Sisan Ismail,aplikasi ini sangat bagus dan menghibur tapi sayang hp sya kentang jdi memorinya cepat penuh,5
396,Neli Wulansari,banyak ilmu yang didapat dan untuk pengalaman kita disetiap waktu bisa disimpan dengan aman,5
397,Pengguna Google,filter ada yang tidak bisa dipakai walaupun sudah di update berulang kali,4
