,content,score
0,tiktok sangat bagus karya dapat teman banyak bagai daerah jika untung hasil cuan moga tiktok tambah fitur bagai fasilitas sukses and maju tiktok,5
1,maaf kasih 2 aplikasi nya kurang bagus padahal jaring full klw udah buka sekali bisa buka lqi,2
2,tiktok nya sangat bagus pas buka video nya nonton tidak kapai jadi di baik yakkk tiktok paling the best,3
3,dengan tiktok pas buka muter muter padahal wifi penuh gambar nya muter hitam ada gambar nya di baik dong,2
4,makin update malah oploadnya selalu gagal mulu slalu hapus terus tambah buruk aja nih aplikasi,1
5,terima kasih tik tok untuk tik tok ini masuk dalam peringkat social populer mudah cari mengupdatenya terima kasih,5
6,aku suka sama nih tiktok aku serba gagal buat bikin video aku aplod nga like,4
7,poko bagus kalau lebih bagus seperti efect kurang lain,4
8,kalau mau bikin video lewat templat kadang kadang engga mau simpan video kadang dan kadang engga,4
9,aplikasi bagus banget kenapa aku tambah lagu tik tok favorit muncul sana pliss pulih kan,4
10,telah baharu wilayah tidak unggah foto atau video tanggap,3
11,sangat puas sama tiktok is the best terikasih tiktok kamu sangat beri inspirasi,5
12,sekarang pas download tiktok langsung dapet updet barunyaharus nga updet sendiri terus lama dapet updet baru nya,3
13,hadeh jaring stabil terus udah 5 hari padahal jaring bagus wifi bagus,3
14,dulu kecewa saya tidal isi ulang coin kalo sudah saya tambah bintang,2
15,satu dulu soal buka tiktok slalu tanggap padahal baru update,1
16,aplikasi tiktoknya tidak buka anjj apk tololl,3
17,ga tau akhir buka live nge lag buka vidio lag padahal quota banyak buka aplikasi lain lancar aja pas buka tiktok alloh nge lag sumpah capee,1
18,lumayan oke buat hiburantapi sekarang gk notivikasi apa tiktok gk di buka,3
19,efek gk di ganti kalo mau joinsllu di layar biru gk di ganti posisi,1
20,bagus sukakarna tiktok rasa hibur khusus tki kerja luar negri bisa punya bnyak teman kami bisa hibur diri buat vidio moga tiktok depan makin maju bekembang,5
21,app na bagustingkatkan cara kerja na lebih baik klau tambah fitur gambar na,5
22,kok aku gabisa update tiktok nya,1
23,aplikasi buruk bisa berexpresi bebas goblokk,1
24,saat masuk tiktok bisa mengunakan template capcut,2
25,ya tik tok aku ngak muncul kurun mohon cerah trimah kasih,5
26,video live ngelag parah video live putar alias henti tidak suara orang video nya aja lag parah banget sangat kecewa,1
27,tik tok aplikasi bagus banyak suka masyarakat kalau masalah tik tok tanggap baik cepat,5
28,ya tiktok tidak buat komenanti baik dulu,4
29,lama tiktok baguscuma sayangsaya ada negri orangyang gk semua hp muncul tiktokshop nyajd bisa jalan bisnis tiktokshop,5
30,mohon maaf apl tiktok pakai kok ada tanda jejak kaki yahjd tidak tau siapa2 yang suka liat profile saya,1
31,update aplikasi hp sering restart baik seperti dulu hp sering restart ingin buka aplikasi terima kasih,4
32,terima kasih tiktok terus kembang dg tiktok sy hubung sj nal banyak org baik,5
33,kalian keluh soal lag atau fiturfitur nya lag perlu kalian tahu aplikasi ada negara indonesia ada versi asia mengunakan aplikasi negara perlu kalian tahu cairo dan indonesia jauh wajah bila jaring nya optimal,5
34,selalu ngk buka ikut tambah pada hilang ngk naik ikut nya,1
35,ya sai masuk tiktok semua filter ada,1
36,kesal kali buka tik tok apa apa udah tutup aplikasi tik tok tanggap tidak buka video,1
37,tiktok memang bagus baik saya bikin susah top up coin,5
38,cod tiktok ku bisa biasa aja jadi malas belanja kalo cod hilangin,5
39,waw tiktok bagus banget bisa hasil uang gass,5
40,tiktok dah oke fitur nya kren di prbanyak jga durasi ft nya tmbahin biar puas,4
41,sukatpi ya sekarang ko kadang suka ngebelng sendiri,3
42,tiktok oke mau nonton belanja semua serba oke,5
43,aplikasi selalu bilang jaring stabil padahal wifi jaring bagus,1
44,sangat hibur bisa berexfresi walaupun kadang fitur fiturnya suka bisa pakai,3
45,cukup bagus appnja aneka videonja sangat tarik bagus tonton baik terima kasih ulas saya,5
46,saat bagus cuma kadang lot putar video,4
47,sering nglag padahal sinyal bgus video macet2 gk da kuota pdhal kuota baru isi baik,1
48,09122023 tiktok erorsaya kira sinyal bermasalahternyata tiktoknya eror terus live mau masuk live orang,1
49,jadi banyak iklan nya bat balas chat aja sdh iklan iklan lagl aree,2
50,bagus q bisa pake tik tok shop padahal ken banget jual kayak lain,5
51,sgt suka tiktok kreeennn buat hibur terlalu banyak langgan nya,5
52,gak jelas bisa login suruh tambah tanggal lahir terus bisa jelas banget,1
53,skrg upload video pilih lagu sendiri y cari lagu pernah bisa cm musik yng rekomendasiin aplikasi aj,1
54,aplikasi bagus kenapa kalau aplikasi diupdate ada beberapa fitur guna malah notif begini fitur tidak guna harap diupdate padahal aplikasi diupdate jadi kesalmaka itu ratingnya tidak kasih 3 dulu,3
55,aplikasi tik tok emang bagus tambah wawas dan banyak teman,5
56,memang thebes deh poko tiktok smoga makin rame makin manfaat buat semua guna tiktok,5
57,tidak dapat sandi lupa emel nomer telpon pihak tik tok,5
58,kasih bintang 4 tp ko kadang kadang scene video sudah rekam ilang sedikit saran sih tiktok lebih baik sound nya rekam sudah capek buat buah transisi tp sound nya suka ilang sendiri baik yaa,4
59,aplikasi bagus dapat menhibur diri suka tonton aplikasi lah turut nomor dari youtube,5
60,aplikasi nya bagus tp akhir2 kalau masuk live sinyal langsung hilang pdhl pakai wifi aplikasi lain jalan di baik,2
61,apk bagustapi kalo buka live ampun deh lag nya jadi nyaman buat nonton padahal kuota sama wifi bagus sinyal terus kalo buka apk bagus sinyal masalah cuma pas nonton live aja,3
62,kenapa tiktok selalu ada jaring pdhl jaring bagus terus kalo liat play store tiktok selalu ke install pdhl udah install berandamohon bantu nya pihak tiktok,4
63,bisa login jeng t kirim deih kode na,1
64,bisa mereset sandi tiktok susah masuk akun tiktok lama selalu gagal,5
65,makin hari aplikasi tik tok tdk mutu semua upload hapus semua komenanti di hapus sekarang tik tok aplikasi sampah,1
66,sejak ganti tiktok baru bisa sama sekali lihat viti mau bikin viti susah,5
67,aplikasi jelek bisa timbang mana langgar pandu mana nggak,1
68,sudah lama guna tiktok live streaming kenapa tiba tiba akun blokir permanen jujur rasa kecewa sendiri bingung apa alas saya sudah ajuin banding tidak tanggap,3
69,kok tiktok nya gk d buka,2
70,tiktok bagus keren tempat nonton kadang live terus banyak iklan jual yah kalo tiktok shop tutup soal bikin ribet ngeganggu tolong di andet yah tiktok nya biar keren,4
71,nggak life padahal udah didaftarin pakai ktp mohon baik,5
72,bisa pasu kode undang padahal saya kan guna baru pertama keluh tidak lolos control tipu keluh dua salah jaring harap coba itu keluh mohon baik dong pihak tik tok,2
73,alangkah lebih baik ada atur kualitas video tonton youtube sangat bantu mereka minim kouta tetap hevan tonton video di tiktok kurang bufer video,5
74,sangat sulit masuk kode undang guna baru kecewa kebaji tiktok lebih baik besar hadiah tonton pada undang teman di bagi kode undang tetap lolos kontrol tipu,1
75,bagus asal guna bagus tlong tiktok lebih ketat karna tiktok banyak buat video joget2 seksi tlong lebih lihat kalau perlu blok hal2 itu,5
76,aplikasi bagus cuma iklan nya terlalu lebih terlalu banyak semua video bagus2 koktinggal cari aja telusur tiktok mana mau dilihatterima kasih,5
77,selamat malam kasi rat 3 dulu soal aku mau ganti tanggal lahir kok malah tulis nya gin dapat ubah tanggal lahiruntuk melanjutkantingkatkan aplikasi tiktok versi baru padahal udah update kok begini tolong dong bales,3
78,aplikasi tipu scamm cape minjem hp temen tetangga buat download tiktok ehh malah koinya cuma 1k yang 6k padahal tulisanya per undang 10k aplikasi scam lenarikanya tidak aplikasi penipuann scamm,1
79,baik lagi sistem nya knp kalau mau buka aplikasi selalu lag parah kirain hp aku rusak tau apk nya gin mohon pihak tiktok segera di baik terimakasih,4
80,iklan yik tok keluar terus padahal beberapa lalu tik tok hapus akhir saya download tapi iklan keluar sy ganggu dg ini,1
81,enatah sekarang app tiktok bisa bukatiap klik bisa kebika sedang kalo uninstal truz instal semua draf hilang sayang banget udah ngdraft banyak buat posting kala jadi sia,1
82,baru mula maon tiktok sungguh senang sangat hibur memenri peluang kita bisa tuang bakat seni sekaligus bisnis,4
83,mohon lokasi negara pakai isi manual jangan pakai otomatis sedang luar negeri mau akses tiktok versi negara tetapi kami sedang luar negeri susah sekali akses fitur fitur lain nya,2
84,knp skrang malah ngga buka aplikasi mau buka tiktok ada kterangan jaring stabil pdahal sinyal bagus bnget,3
85,tiktok sangat bantu aplikasi bagus mohon d tinju beberapa fiturfitur gk filter cantik komal kok gk ada tolong bantu fiturfitur,3
86,bisa downloadd nama app keluar search di play store padahal aku sukak banget sama app walau ubah jadi tiktoktolong baik,1
87,kok ngak fitur geser foto biasa padahal udah instal ulang tetep gk juga pliss dong tiktok baik lagi maaf ya kasih bintang 2,2
88,gimana sih narik saldo gakbisa gagal terus bnyak sih cuman 50rb tp curang masak iya bisa tarik uang herann apa udah bayar ya capek nonton video hasil tidak bisa tarik jadi males,5
89,tdk mendownload apk tiktok padahalterus kalo saya bikin akun ditiktok gabisa bikin akun nyanah terus saya berapa kali punya akun tetep bisa buka di baik,1
90,bagus rentap knpa skrang sering matiklo udah bikin cape cape vidionya malah mati kmbli berandajdinya hilang vidio bikin itujlaskan cobaini tiktok versi baru,5
91,kali kalau mau bikin event jangan nanggung2 bikin event mobile legend kok batas stok nya capek2 ngumpulin ujung nya bisa tuker kalau cuma buat popularitas sekali jangan bikin event jelas gitu gua uninstall ja nie aplikasi aplikasi jelas,1
92,tetlalu sensitif apk iniupload vidio kadang henti tengah kadang pesan bisa hubung internet padahal kuota internet baru isijdi kasih bintang 2 duluntr udah baik baru nambah,2
93,sekarang tiktok jadi ngelag banget yah padahal update fine aja tuh ngelag lancar jaya pas mau bikin vid tiba keluar apk nya dong di baik,3
94,baru tiktok bisa bagi semua orang,1
95,kalau posting sekarang kadang kadangsusah baik capcut gabisa download muter terus ngeloading kan bikin nunggu lama eh hasil gabisa download padahal baru isi quota jaring baguspertama capcut lancar eh sekarang ngeloading eh makin kesini bisaaku copot aja maaf,5
96,sangat kecewa padahal udah download install bisa batal simpan udah ke pake banyak tidak bisa pake apknya,1
97,bagus sih bagus aplikasi nya cuman tari saldo dana dana premium coba aja tari nya harus pake dana premium lebih bagus ngomong gitu krna ajar krna pinya ktp jdi dana premium dong tari nya jangan pake dana premium,4
98,sempat uninstall memori penuh memori sudah kosong koneksi internet lancar cache google play store sudah hapus tetap tidak mau diinstall ulang mohon segera benah,1
99,aku punya teman bagai negara dapat tahu banyak aku nga tau lama bantu aku segala yang aku sembunyi lama seperti dansa dan bisa bikin ditiku bahagia pokok love love love aplikasi tiktok,5
100,maaf belum dlu masalah bukan tiktok yaa sampe tiktok hampir mau blokir jdi skrng musically jadi tiktok mohon bantu buat rubah jadi musically dulu terimakasih,3
101,q suka sih sama aplikasi ngunggah video q tidak suka telah unggah kita harus share beberapa aplikasi aja sih tapi mohon baik,3
102,apa apan skrng tiktok kok bisa muncul tamplate capcut bisa pytar video padahal jaring internet sanagt aman baharu buksn nya tambah bagus malah tambah jelek tiktok dulu lebuh bagus,1
103,keren bagus kalau cepat mode fast slow 2 kali pencet filter filter baru,5
104,appk nya bagus aku igin bisa baik saat si update baru jagan yang hilang saat aku danloud update akun ikut hilang jadi mohon baik cepat,4
105,sangat suka video musik terima kasi banget buat tiktok yan selalu beri video teman2 yan sangat menhibur saat sendiri mana kapan beradaterima kasi buat tiktok moga terus asi video musik yan bagus kern2 semua terima kasih tiktok,5
106,terima kasih tiktok ada apk jd banyak sahabat jalin saudara tambah wawas ilmu agama intropeksi diri posting2an temen kreator moga tambah sukses,5
107,app tik tok sgt hibur sy kala slsai kerja app kasi bagus mudah n mndptkan sahabat teman2 n keluarga mana ada hampir sama dg fb paling mnojol nyayi n sperti suara pe nyanyi asli n me lawak ini tok pokok nya bagussss,5
108,semenjak update tiktok makin jelas kalo buka sering diley smaa lola sekali buka lama udah gitu sering restart hp nya kalo buka tiktok dong punya baik app nya biar nake bikin bete,1
109,aplikasi bagustapi tiap live ngeleg nya banget,3
110,bagus banget buat ngumpulin koin gajadi aku kecewa bangett,5
111,pliss memori lebih dikecilin lgi kasihan punya hp kentang ken liat tiktok tp gk karna halang memori mau beli hp baru gk punya uang pihak developer untuk ksih ringan sedikit tentang memori tiktok makan habis memori 360 mb,1
112,hi tik tok sy keluar nomor hp di tik tok sudah kebanet permanen berapa kali coba ganti kata sandi bisa di reset dn sy tidak bisa masuk tik tok sy sendiri,2
113,dapat tampil gambar,1
114,aplikasi fitur sedia sangat keren tolong pihak tiktok kita upload video lolong fyp nya mudah yaa karna enak udah capekcapek buat video pas upload ehhh malah fyp,5
115,kalo nonton live orang jadi lelet banget jelas padahal semua cochie udah hapus,1
116,ga login frekuensi kunjung terlalu sering apa apa si guna di fix di tik tok lite dulu ada maju,1
117,habis update malah bisa buka sampe akhir instal ulang kali tetep aja bisa buka aneh bgt,1
118,bngkenapa akun muter bng padahal reset hp gua bng gua udah susah payh bisa dapetin uang di apk tapi ujungujung nya tidak bisa di perbaikin bng buat apk,4
119,perlu tingkat sih filter livestreaming di filter buat video ada terang nama filter apa biar tahu sipenggunanya terimakasih aja sih,5
120,semenjak pakai tiktok makin banyak buat lebih tarik banyak pilih tiap photo video yang kita upload tiktok is the best pokok,5
121,bagus sekali tiktok,5
122,alhamdulillahbnyk pljrn bisa petik dg ada tiktokyg tau jd tauberbagi ilmu tnpa mrsa bosansmg kdepannya tiktok smkin majuprbnyak konten2 didik lbh bagusjd saat ank2 ikut mng instal aplikasi inikita org tua was2,5
123,bisa masuk tik tok daftar lewat email nomer telpon tetap bisa masukkok benar benar bisa yasudah download daftar ulang ulang x tetap bisa guna nya gagal terus,3
124,aku suka banget tik tok,5
125,bagus cuma sering lelet tidak loading,5
126,tiktok sekarang knpa si kalo buka susah uninstall dulu download baru buka tolong di baik dong,1
127,jelek banget aku mau bikin video aja bisa padahal wifi aku nyala aman aman ajaadik aku main nya ada masalahkok aku gin malah mana cepet benerin donk,1
128,tik tok aku gabisa buat upload video baru pdhl udah 3 kali coba video hps trs pdhl aku udah lama pake baru gabisa upload videonyaitu mslh dg tik tok aku ya,3
129,aku mula baru banget jauh sangat asik tiktok punya sistem beda aplikasi lai seru banget,5
130,hnya ksih rating 1 krna pas buka daftar tidak apply nia langsung keluar mohon baik yaa sya dua kali copot apply nya pas mau daftar langsung keluar aja mohon baik,1
131,tik tok update buat filter urut apabila music klik jadi bisa lihat mana video music sebut baru,4
132,kasih bintang 3 ajabarang kali tik tok nya erortiktok terkadang gangguanklo tiktok nya lancar gx ganggu saya kasih bintang lebih dri 5 hiiii,3
133,makasih beri aku aplikasi sanget baguskarena aplikasi tiktok jadi gk asa sepi lagibanyak teman tempat bagi cerita sangat menarikaku selalu kasih baik dengn bintang 5,5
134,terima kasih tiktok sangat sangat bantu,5
135,pertama aku heran ada 2 tik tok padahal aku udah download tiktok satu laginah aku coba download nyata ini itu apli musicaly udah beli sama tiktokmakasih banget aku skrng ngehapusin aib aib aku,5
136,aplikasi tidak langsung live padahal umur lampau lebih 20 tahun sampai sekarang ikut pun sudah lebih 1000 untuk aplikasi tiktok buka akun agar say buat live,2
137,aq suka sama aplikasi cuman bikin kesell kalo buka hari beranda jadi acak lebih di kondisi ya min,5
138,ak kecewa ama admin tiktok comenan orang jelek presiden lolos comen kait anis selalu hapusjadi admin it logo lihat bnget admin dukung anismaaf klau kata ku kurang sopan kecewa ja gtu,1
139,terimakasih aplikasi bagus banget bikin wawas tambah luas tiktok bisa ajar mana benar mana salah gantung fyp sih,5
140,dear tiktok suka sekali aplikasi ada 1 kurang fitur nama kategori vidio save guna lebih mudah mensave vidio manfaat terima kasih harap ulas baca fitur siap di luncur,4
141,suka banget sama app karna hibur saat mood kumatt tp knpa kalau klik lagu nya suka error yaaah,5
142,apknya sangat bosan knp buka apknya selalu bisa selalu terang ada koneksi internet padahal jaring saya stabil,1
143,bantu tiktok bisa buka lupa kata sandi imel aktip,5
144,keren abis mantap dah,5
145,kurang suka sama admin nya knpa kata2 kasar mnjatuhkan presiden sllu lolos,1
146,puas postingan selalu hapus,1
147,tiap komen selalu hapus,1
148,byisa nambah wawas and hot hotyess,3
149,aku sangat suka aplikasi,5
150,moga lebih baik selalu bgus,5
151,apk sangat indah,5
152,kok g fitur posting ulang sama tiktok shop,3
153,tolong tambahin fitur upload hd tiktokjangan cuma amerika iphone itu di phone nlbelum please konten kreator sangat membutuhkankarna capek editing tidak hd,2
154,tik tok netral,1
155,cba pihak mu profesional dikitjangan main bend akun org seenk mu aj mentang akun sebut tdk untung pihak,1
156,efek bisa d guna,1
157,sekarang udah komen foto,5
158,susah banget mau top up coin nya lainkali dong d permudahh proses top up nya biar pun betah pake aplikasi,1
159,bagus sih kalo mau coba filter baru update itu butuh waktu,5
160,bisa downloadpadahal pakai wifi ruang simpan banyak ruang,1
161,asalammualaikum nama syaila fairuzasaya suka banget aplikasi aplikasi hibur saat sendiri banyak video bisa palajari moga aplikasi jadi aplikasi paling suka dunia temanteman,5
162,manfaat di guna baik untuk sebar dakwah tausiah hal hal yang beri energi positif seluruh guna tik tok utama ummat muslim dunia thanks,5
163,sayang sekali ko lagu2 nya gk muncul,3
164,sangat suka aplikasi tapi masih video harus nya boleh tayang kan soal nya kan aplikasi masih anak kecil masih nonton aplikasi nanti bisa jadi conto buruk,1
165,aplikasi sangat bagus guna baik tiktok jadi aplikasi baik saling komunikasi karya sesuai minat bakat masing2 guna tiktok,5
166,belakang aplikasi suka ngelekjadi kasih bintang 2 dulu samapai aplikasi jalan normal di belakanagn,2
167,gatau kalo nonton live mau live suka lelet padahal kuota bnyk,1
168,hibur banget sya lama kerja luar,5
169,sangat lama bisa menginstal nya jadi tidak suka aplikasi,2
170,tiktok makin lama makin susah di oprasikan,1
171,ngleg fulllllll 24 jam gimna nih tiktok makin depan makin kurang bagus,1
172,live streaming sinyal nya putus putus,2
173,ngk bukak live selalu ngeleg padahal kuota banyak,1
174,harihari di live engga kirim korun gody bag awal aman dn normal sekarang ko susah dong baik lgi biar normal biasa,5
175,sangat hibur sayang aku mula bom live kaya orang2 tiktok,5
176,kurang koneksi smoga tingkat,3
177,cocok buat foto komen ada ngemis like follower share jangan bawa nama agama,5
178,banyak konten hancur moral generasi muda tidak pantas tayang,1
179,admin gimana supaya download aplikasi tik tok smua y tdk alas jaringanmenunggu jrngan wifi makasih,5
180,seru siihh jdi kreatif bikin koreo2 baru bisa kasih challenge temen2 makasih sdh d ikan tempat explore add yaa hyangrestus,5
181,aga kecewa aja si filter facelift hilang soal filter banyak rubah bentuk asli natural banget hasil akhirnyakalo laen kan menor terus hidung mancung banget cocok,4
182,apk tidak guna tolong isi ulang koin nya keranjan kuning nya tidak tambah peti tidak pokok baik dulu deh baru tambah bintang,2
183,tik tok bagus makasih pokok kalo tidak dowload bakal nyesel bangettt belum dowload dowload aplikasi tik tok yah,5
184,apk lain kalo user sdh rame server sering down aplikasi force close jauh saya msh suka apk keluar dr facebook saudara2nya,1
185,sedikit batas guna android salah satu fitur hilang tidak ada mic fitur duet,3
186,aku bingung knp klu komen kubu 01 03 sllu hapus sdng kan klu kubu 01 03 wlupun komenanti nya gk adab gk kena langgar smg adminnya sllu profisional,1
187,ga seru soal gabisa namatin kayak gamegame belah ada history gabisa jalanjalan kayak gta cuma video tidak jelas baik yah,1
188,aplikasi bagus bangetkarna bole edit video trus video bagus bagnet,5
189,lama bayak ter ganggu nyaman masalah pakai mati jadi aku gaya an palsu nya,5
190,akun tidak live sekarang mau bikin vidio tidak bagus masa bikin vidio baru mulai musik habis padahal baru 5 detik musik habistolong timbang ya terima kasih,1
191,yaa akuu mau daftar akun terus waktu masukkin tanggal bulan tahun lahir muncul tulis maaf seperti tidak penuh syarat tiktok terimakasih tarik cara nya gimana yaa,5
192,maaf gw kasi 4bintang aja lot trus padahal jaring bagus bangat mohon selesai kendal,4
193,app sangat bagus sangat bantu,5
194,sya download check out tiktok shop nya selalu muncul coba terlalu banyak yah dong baik yahh kalau udah bisa aku kasik bintang 5,1
195,ni aplikasi suka hapus sendiri lalu kalo mau download kata maaf dapat menginstal knp y,3
196,suka banget sama tiktok tolong lah ditambahin filter bisa bikin hd sama tambah keranjang kuning nya soal suka belanja,4
197,seing gk di buka,5
198,kembali versi lama gk suka versi baru harus jadi tiktoktolong balikin musically dulu,1
199,tiktok nya jelek baik aku baru menginstal pas tanda buka aku pencet bisa di baik,2
200,aplikasi sampahsuruh masukkin tanggal lahir salah betulmalah salahaplikasi guna mending hapus aja playstore moga app hapus playstore amin,2
201,kalo buka komenanti pin komenanti nya kok gaada malah pin nya random bukan kasih paling atas baik supaya bisa nyaman mainin tiktok nya,4
202,aplikasi bagus menhibur mau updatenya susah sekali coba harap kan ulang ber ulang gituh gin gin nia gue mau update efek dalam bagus semua dia coba sesal tapi update lama dah selalu harap coba,3
203,aplikasi sangat guna sekalitapi baru download buka 5 menit chace 500mb ntah tolong baik,5
204,mohon tingkat kan soal epek buat jadi komal sekarang ad guna ad tidak bisa tidak dulu,5
205,mudahmudahan tiktok bantu,5
206,hey jangan iklan tik tok jadi kuota habis garagara iklan iklan tidak guna saya sikap lah biasa jangan ada iklan kalau becus bikin apk,1
207,senang serasa punya teman hibur,3
208,udah update filter tiktokeh besok mau buat update tolong la baik filter nya ko buat update sih,1
209,min tiap bukak tik tok mulu video nya knapa ya kak padahal jaring bagus hp bagus tempat bagus kenapa itu min,4
210,sih tik tok udah error njir gw nge login akun gw trus tulis frekuasi kunjung terlalu sering padahal udah tungguin 5 jam lebih masih muncul tulis,1
211,aplikasi tiktok tdk di buka dihpku susah banget kenapa ni moga cepat baik tetima kasih padahal biasa sy suka ngasih 5 bintang klu sudh bagus sy kasih bintang 5,1
212,kecewa aku akun titkok ku gabisaaa dibukak padahal akun ku uda lama follower nya uda banyak kian biasa login nya fb eh masuk fb smaa akun nya beda video follower nya tidak lagi,1
213,kecewa bangettkenapa baru musically jadi ubah campur tik toktolong kembali dulu gk suka dicampur2,1
214,sedikit kecewa kurang bintangkarna saat live selalu henti tiba tiba tampa sebabpadahal jaring lancar sekali,3
215,pihak tiktok baik aplikasi lebih baik mau simpan video bisa,3
216,bagai mana bisa kasih bintang full download ibu kali susah padhl wifi penuh aplikasi banyak saya buang mendownload tiktok masih tetap bisa gimna sih aplikasi sngt kesal kn,1
217,mau guna lagu susah sekali terdownload lamaa tingkat,1
218,terima kasih tiktokdgn nya tiktok jd bnyk informasi temandn hibur bngtdgn musik nya mantul sx terima kasih banyak sehat sukses selalu,5
219,hello slm mencihello asalamualaikumtiktok berhinti tolok bukak minta bantu anyantai tiktok,5
220,aku senang main tiktok lah hibur tidak bosan selalu pers baru filter trgs nambah alam,5
221,sebal main hapus postingan tampa lihat apa betul langgar situ kalo kaya gitu terus carakerjanya mending uninstalle ja,1
222,tiktok aplikasi cman ngabisin kuota imbal nonton vidio receh jd skrang tiktok aplikasi gk lama lama gk orang bagi nonton vidio,1
223,bagus tp gimana cara nya tiktok an hasil uwang,3
224,tiktokan buat diri tetap happy hibur diri meski kerja berat jadi ringanthanks for your tiktok the best aplikasi,5
225,stiap bikin vidio likecoment punapa sus hp iphone aj yang terlihattrus android tidak lihat id tiktok,3
226,aplikasi manfaat terus tahan sering2 kasih voucher free ongkir tiktok shop biar makin laris dagang,5
227,dar buat hibur kenal guna tiktokapabila suka postingan amin aja ambil baik sajayg sekira manfaat buat diri pribadi buat orang,5
228,tiktok kalo pake lama 1bulan ko tidak bisa buka tiktok lagi sih dih baik,2
229,di baik masa ingin instal selalu masalah kecewa,1
230,aplikasi sangat penting anak lakilaki perempuan sedang kembang pesat bentuk sedang kembang kami ucap banyak terimakasih atas informasi sangat bantu proses bangun tepat,5
231,app bagus cuman efek bisa pakai cuman muncul jomm wajah doang,1
232,pihak tiktok hormat akun tidak laku live streaming padahal capai 1000 follower usia sudah atas 18 tahun mohon sangat bantuanya di muncul fitur live streamingnya terima kasih,5
233,kasi bintang 1 aja karna id tiktok selalu blokir padahal video2 upload sopan semua sekarang saya download bisa lelet,1
234,luar biasa mantap,5
235,tiktok khusus pke wifi bukan sch knpa yang pake data bisa buka tiktoksaya d luar negri,1
236,aplikasi ny jelek banget dehh jangan download yhhgak bagus percaya dehhh sama minum nyah boong pak nya bagussssssssbanget minim kasih bintang5 apk karna serubagus buat yang fakk modd instal mood nya kembali ceruahhh percaya dehhhhhsama minum yhasalamualikum teman,5
237,sangat bagus gk ter istal,5
238,pliss balikin musically saya lebih suka apk musically banding kan tiktok sekarang apk tiktok suka error sendiri yaa balikin apk musically min,3
239,u k bat bk yl ao dwld kok dulu aku download udah daftar akun trus aku hapus lah sekar tidak bisa download please baik,3
240,hibur paling asik,5
241,aplikasi bantu banget pokok the best deh buat tik tok ayosegera download aplikasi tiktok,5
242,masuk tiktok d sulit sih selalu keluar ada sinyal padahal ful xue,1
243,bagus sih penggunaanya kalau akun dulu bisa masuk dan cari tidak,5
244,neng banget tik tok mah best forever ngehibur kalau bosan terus bisa bikin vidio tik tok jadi aku neng banget makasih yang bikin aplikasi iniii aku suka banget tik tok,5
245,aku kasi bintang satu karna aplikasi di buka lambat trus kadang2 bilangnnya jaring stabil padahal jaring bagus loh gimana sih,1
246,gua beri bintang 3 aja soal mb tik tok terlalu besar kecil kan kasihan hp nya samsungdll kalo mb kecil gua kasi bintang full,3
247,tambah translate tiktokthanks,5
248,gak buat komen foto,5
249,tiktok adil up video orang aja udah cape buat video udah di ulang boro ngelike coba yang cuma nyengir doang langsung banyak likenya,3
250,suka banget sama aplikasi tapi efek aku deh ko efek tiktok gabisa dipake 2022 keluarang efek baru,5
251,pake app tik tok baik aman untuk nonton semua video app tik tok,1
252,sekarang tiktok lag terus liat live lag terus ya jadi bikin esmosi,3
253,bagusss baik2nya jangan pilih2 kasih buat fyp trus mohon siar langsung buka smua guna tiktok karna butuh buat jual terima kasih,5
254,susah sekali masuk undang baruselalu tipu eror jaringanpadahal aplikasi bagus undang teman bisa,3
255,assalamualaikum dear tiktok salut tiktok sdh apk ny baguss tambah tani ku kala lock down terimakasih,5
256,aplikasi jelek bangeeeeeeeeeeeeeeeeet bohon aplikasi bagus banget terimakasih tik tok,5
257,plis bngt pihak tiktok kok akun lma ku g bsa msuk tulis nyfrekuensi terlalu sering kunjung pdhl udah 5 download hpus msh g bsa data udah hps ttap aj kok briq bet y,1
258,relepantidak didik kandung forno graf,1
259,aplikasi nya knpa luar negri bsa pakai pdhal sinyal internet bagusada tau ya,5
260,mula blom bnyk tau aplikasi tpi sangat suka dengan aplikasi saya hibur diri sendiri moga aplikasi makin melejittt,5
261,kembali musically versi belum karna kalau musically sama tiktok gabung memori bakal penuh sekali kami minta untuk kembali musically versi lama,1
262,level kecil bisa bikin live aplikasi nya di kembangin maka akan kurang satu satu bintang nya,5
263,skarang tik tok sya guna pvn nonton live,1
264,sllu ngleg padahal koneksi internet bagus,5
265,akun terus2 an tangguh padahal akun baru gabisa login login ingat akun blok lama pdhl tidak ngapa2 in post vid aja gapernah kasih solusi,1
266,tolong mudah simpan video karna saya simpan video bagi dulu lalu instagram,3
267,apk tiktok nya pervaikin lgi dong kerja luar negrijdi cuman hibur kya liat video d tiktok kalo tiktok nya masa gk ke buka terus msa sya unistal terus sih di baik lgi dong apk nya adminterima kasih,5
268,tiktok tuh sensitif bgtt masaa iya komen dkit lgsg hapus otomatis komennya kn mmbela kbnran sdgkan video nya nganiaya lah ngehina agama lah gilir kya gitu ngga dibanned anehh bgtt di banned mlh gasalah apaa anehh emg tiktok,1
269,aplikasi sangat bagus kurang aplikasi adalah even muncul halaman harap developer erti dan baik nya,5
270,apk nya bagus bangettapi buka blokir nya saya sangat butuh akun yanh nama itsyourbeby sekali saya mohon maaf saya buat salah di tiktok,5
271,permisi mau tanya dong knapa tik tok aku kalau pakai wifi malah lot wifi nya bagus kok,3
272,aku sangat suka pakai aplikasi tiktok tapi ko aku buat video slow musik ngah complit dong,5
273,knp musically sama kayak tiktokayo lah please musically tetap musicallydan tiktok tetap tiktokgk ush d sama samainkumohon kembali musically versi dulu,1
274,salam bagus buat hibur alam hidup pas deh pokok trmksh tiktok sukses tambah maju kembang buat kontenbaru oke,5
275,aplikasi bagus sekali banyak filter bagus hibur banyak orang banyak drama bisa nonton sumpah siapa download bakal nyesel,5
276,aplikasi bagus banget aku suka sama aplikasi iniaku sini lihat video tik tok nya bts blackpinkkarena aku adalah orang army orang blinksjadi aku kasi 5 bintang deh,5
277,aku sangat suka aplikasi tik tok suka eror bisa buka sama sekali,5
278,aplikasi tiktok bikin ingin sekolah sd karna uang saku waktu aku sd sangat murah sekali aku senang sekali ingat waktu dulu pernah ngiseng nyng katok,5
279,sangat bantu saat suntuk,5
280,sangat hibur muas,4
281,aplikasi tiktok sangat bagus cuma kadang sedikit masalah kallo yang komenanti trus balas suka muncul balesannya,5
282,apa cuma tiktok ku gk di upgrade sama ada krenjang kuning solusi dong software udah baru kok,1
283,banyak bantu shop online nya sy saudi belanja perlu sy ingin untuk harga ny murah terimakasih tiktok,5
284,suka tiktok bisa ajar banyak kehidupanshalat baca ceramah sangat bagus,5
285,aplikasi bagus kurang dikit sih saya baca aplikasi bukan usernya awokawok,4
286,tik tok anj nickname nya ko ada larang buat orang2 anjin hina agama ko blokir blokir orang2 nickname nya hina agama tolon di blokir,1
287,saya beri bintang 5 tiktok bisa hilang stress saat frustasi kerja maupin masalah,5
288,mantul buat hibur mantep thebest pokok,5
289,aplikasi gk di download padahal internet kuatpenyimpanan banyak download apk untuk apk tiktok gk bisa,1
290,bagus banget sih buat karya banyak bet fitur nya yang paling gw suka di beranda video ooaim ketu ngakak bet sih keren dah,5
291,sekarang app tiktok bisa tambah lagu file musik hp sendiri,2
292,bagus banyak minat mudah akses dulu aku mimpi sekarang jadi nyata guna tik tok salam bos tik tok terimakasih moga aku banyak kasih like following,5
293,sangat bagus sangat menghiburtapi aplikasi tik tok saya pakai tidak foto tolong dong bikin foto dong,5
294,sedikit kecewa sama tiktok tiap nonton salalu muncul jaring sedia padahal jaring bagus aja kalo nontonnya lama mala minta kode tiktok hmmmm tolon baik,2
295,apa cuma gua ngerasa tiktok sekarang pas nonton video gebugmancet gtu tiktok yang nonton rasa ganggu,1
296,bagus sih donload nya kok lama ulang terus mohon pihak tik tok diperbaikiinstal ny lama jadi gk tik tok kan deh,5
297,tiktok sembarang blokir pesan makin jelas aplikasi,1
298,bisa buka,1
299,kamera tiktok nya jelek banget bagai guna user android sangat kecewa kamera beri tiktok,1
300,apk sangat bagus bisa jadi makin pandai buat fidio edit fidio,5
301,efek slowmotion sekarang kurang bagusmasa musik nya ilang begitugak pas sama sekalikecewa gue,1
302,aku kecewa apk tik tokduku gk ngelagkok sekarang suka ngelag jadi masuk tik tok jadi susahtolong baik,4
303,sangat buruk coba tonton video lama tidak dapat point hasil tonton sering ini,1
304,mantap njinxcewenya montok montok cocok buat bacolsaya saran tambah genre japaneseindonesiablondearabteenbeatiful boobsdan banyak termiakasih tik tok cewelnya good banget,5
305,apl in sangat menhiburkan semua begitu nali judul judul kita cari cari,5
306,apk nya bagus cuman lebih filter untuk masuk fyp nya sekarang jadi susah buat fyp,5
307,tik tok sangat bagus buat hibur banyak di salah guna masalah negara saling bakar bendera kasih ingat jangan bawa bawa negara bendera negara buat video tik tok,5
308,aplikasi hibur baik gabut aplikasi terupdate kalo ada info berita pokok aku sukaaa,5
309,kendala aplikasi tiktok tidak semua lagu pakai ntah atur apa gmna,5
310,sangat senang jumpa teman lama baru sini sedia dunia baru sangat bagus sangat suka aplikasi,5
311,bisa lebih bagus watermark android samain sama iphone terus kalo guna bikin like ada yang komen percuma kan buat,3
312,sekarang tiktok kok susah memposting yaasetiap aku mau post selalu gagal padahal udah instal ulangtapi tetap aja gitu sekarang tiktok makin aneh aja,3
313,aplikasi asyik seru buat hibur mantul mantap betul,5
314,aplikasi nama tiktok bisa buat aku jadi tertawa senang tertawa saat aku sedih anda ayo download aplikasi nama tiktok play store pun app store 5 stars,5
315,bnyk iklan ngelag suka font ny fyp nya ska muncul gjelas lebih suka pke tiktok lite,3
316,tiktok tambah fitur 18 18 saat uploadagar ada anak kecil lihat konten 18,1
317,tidak mendownlod apk hapus semua foto apk lain tetap tidak bisik saya kasih bintang 1 tolong baik,1
318,bagus banget simpan di galeri hasil nya terus di pasang ss wa pokok nya bagus deh,5
319,aplikasi tik tok tiap unduh kok bisa pasang harus ngunduh ulang ulang kali,1
320,mendownload aplikasi ulang kali kali knp bisa sudah tiga kali coba hasil sama mohon info,1
321,samgat hibur guna aplikasi tapi sayang tik tok belum aku hapus jd sekarang download mudah2an aku guna account lama,5
322,aplikasi santidak t bagus juga sangat hibur kalau sedang nggak muut coco banget liat aplikasi pasti jamin ngakak,5
323,kasih bintang 4 app benar bagus saya cuma kasih bintang 4 bukan bintang lima tidak slowmo potong potong gitu deh,4
324,ini slowmo nya tiktok benerin karna udah bagus bagus ehh buang sendiri habis mau uploud aku udah tunnguin lama malah mohon maaf coba ulang itu terima kasih,2
325,kok bisa unduh suara jadi ada lagu kalau mau main tiktok,2
326,suka banget sama aplikasi sangat hibur senang moga makin kembang untuk depan,5
327,tiktok update makain nyaman sekarang tidak skip cepat video tiktok resah,1
328,hahahah aplikasi buruk udah downlod nonton sudah dftar kan diri sajah enga bisa sagat sayang di perbaikiklo udah baik saya kasi 5bintang,1
329,aplikasi tiktok bgs syg waktu live tmn tdk lht org live bisa komenanti ja bisa lht,5
330,asli nya sih baik baik aja kenapa tidak kirim pesan sedangakn lain untuk tiktok minta di baik,1
331,tik tok emang kren knp aku gk daftar kalo aku daftar tulis seperti tidak penuh syarat tik tok,3
332,tambah wawas tahu kita sendiri tahu juga kenal berita negara luar di negara sendiri,5
333,apk nya udah download kok gk yh malah suruh download ulg sia ajh nih pdhl tdi udah menginstal eh kok layar utma hp gue gk adalngsng cek plystore yh ngulang deh knp gitu gan,1
334,jelek ko da banyak tiktok bingung milih dah aplikasi asli palsu bingung lagi deh donload s sekarang baru tau kan asli ribeeeeet,1
335,mantap apkisi nyaterimakasih smoga depan nya makin fitur filter baru the best,5
336,aplikasi dulu nya bilang alay sekarang jadi aplikasi paling populer ini emang ada tahu masa depan,4
337,sayan suka sekali sama tik tok karena bikin video bisa simpan bisa bagi teman teman seruh deh,5
338,terima kasih tiktok apk bagus liat kayes joged cewek lai live streaming nya mantap mantap kurang pakek bh aja tiktok terima kasih,5
339,aplikasi sangat manfaat moga makin sukses berkah selalu terimakasih tiktok,5
340,akun kunci udah kirim data data aku pernah urus paling bls email suruh kirim data mulu padahal udah kecewaa bgt,1
341,wowapk sangat baguskepada pihak garena di tingkat lagiselebihnya bagus sih moontonmemang mantap lah tencent,1
342,nggak live 9 komal kok lain kenapa nggak ayo update 9 komal please,3
343,dong jangan macet lagiga bikin vt bisa edit profil kenapa sih,3
344,aplikasi mutu main blok aja unistall males bikin account baru gue bikin cuma buat awas anak fix satu keluarga unistall butuh tiktok bilang kalian dpt coin jng percaya diboongin coin gue ilang sendiri,1
345,video di refresh video bisa lain terus ajah ada,1
346,gk bagus banget app masah sih akun blokir kan gk ngapa ngapain kesel banget udah daftar kali kali gk hasil nia mohon di baik app karna juga main tik tok orang juga,1
347,hai kenal nama hasna aulia aku suka bangt tik tok kalian langsung donwlod aplikasi tik tok akan nyesel deh kalian guna aplikasi tik tok senang senag terimakasih aplikasi tik tok,5
348,aplikasi bagus banget buat orang banyak bisa tunjuk bakat masingmasing tik tok,5
349,aplikasi sangat hibur tetap maju kan program baru tik tok,5
350,aplikasi tiktok hapus trus coba mendownload enggak gimna cara yah,5
351,hormat pihak musically kecewa ada baru inimungkin bukan aja kecewa ada baru inikami mohon maaf sekaliapakah musically dikembalikanmaaf bila salah kata,2
352,bagus ngedonload nya lama kalo nanti cuma sebenanti aku kasih 5sama udah 24 mnt kok 11padahal jaring bagus,1
353,bagus sihtapi hampir semua lagu indiadj nya cuma sedikit baik,4
354,lebih pilih musically duluplis deh gosah campur2tik tok campur musically mau jadi apaplis kembali musical dulu bukan yang skrg,1
355,bagus sih aplikasinyatp terkadang kena blok padahal ada melanggartp liat cd nya sam tetek aman,5
356,sumpah nyesel bngt upgratny kirain pas udah dupgrt tambah bangus ehhh malah jls mana pke lgu sndiri lagitruss knp fariasiny sbnyak ip dri awalny mc ehh mlh jdi tik tok trpksa aj pke apk in krna hobi kalo bisa tolongkeren baik dulu,2
357,aplikasi cukup baguscman krna z bkn nilai aplikasi lain sebagainyajadi aplikasi q kasih bintang lima ajh gitu,5
358,sangat bagus zangan rupa danlout nia wa buat apa papa sangat bagus jangan rupa wa kasi binta lima sungu ini sagat bagus masuk daftar dulu wa,5
359,gak update aplikasigak unggah videokomplit pokok mah,5
360,tidak merkam lagu ada tik tok tidak levsing lagu lagu cant levsing songs,1
361,tiktok makin bagus kalau banyakbanyak gratis ongkir,5
362,makasih tik tok moga semua hibur salur bakat juga saling untung,5
363,download nya 73mb pas udah pasang liat video tbtb 1gb lebih need banget buat hp kapasitas kecil,1
364,kasih fitur cadang tema fyp dong jdi kalo uninstall terus instal jadi sama fypnya kayak di install jdi perlu sesuai lgi,4
365,sii suka sma apl cuma yaa krna gabung transisi spt tdk harga kalo sii saran logo tiktok dab musically tengah tengah sja jangan smua logo tiktok mksihh,4
366,baru baru sih jelek dikit yasoalnya jaring baguskok jalan lambat banget,1
367,apk nya suka keluar sendiri pas upload suka gagal mohon baik,1
368,terimakasih tiktokkarena hibur aplikasi buat sakit mulai baik saya sudah mem,5
369,aplikasi sangat bagus ngobrol sama temanteman curhatcurhat ketawa,5
370,sya sangat hibur kerika tonton tiktok situ video sangat tarik,5
371,update filter lebih bagus lagisesuaidengan musik tiktok,5
372,kasih fitur live stremingnya beri pilih grafik fhd hd sd jadi burik burik hp panjang2 jaman sekarang ini live rata2 jual jd nontonnya lihat barang jd bagus,3
373,tiktok keren banget ajar ketawa poko banyak da 1112 lah sama youtube,5
374,gila parah banget tiktok sekarang upload video dr mlm sampe pagi ada like views n coment sama sekali parah banget ngerti sama algoritma tiktok,1
375,mau akun yang udah lama kembali soal nya udah coba berapa kali kata sandi salah terus nomor telepon sama email tidak aktif moga kembali akun,5
376,hallo sangat kecewa sama tiktok saya punya akun facebook tadi aku mau login muncul muncul baik,1
377,aplikasi sangat penting hibur tarik waktu sedih,5
378,aplikasi sangat bagus hibur sayang hp sya kentang jdi memori cepat penuh,5
379,banyak ilmu dapat untuk alam tiap waktu simpan aman,5
380,filter yang bisa pakai walaupun di update ulang kali,4
